signal_id,ehtimollik
SG_000001,0.1409498850032435
SG_000007,0.2046348722488426
SG_000009,0.12996084510614253
SG_000010,0.15905103562000186
SG_000011,0.13706996174242797
SG_000018,0.16311075119585383
SG_000024,0.18226913782062876
SG_000026,0.15198845827861462
SG_000032,0.2231475992243338
SG_000033,0.2283450375024143
SG_000034,0.14236147959999476
SG_000036,0.14958031977112188
SG_000039,0.13914692320561725
SG_000048,0.17561223847674917
SG_000049,0.16569905076384817
SG_000050,0.2424415284784704
SG_000053,0.11823371567311179
SG_000054,0.2274397878962412
SG_000055,0.17690912300423342
SG_000058,0.18110226668719825
SG_000059,0.17516588892667628
SG_000061,0.17698387610320027
SG_000062,0.16816573912456284
SG_000072,0.16673597631769266
SG_000073,0.15216619355269054
SG_000075,0.15662583455777873
SG_000080,0.20619008757992627
SG_000081,0.15814416048661545
SG_000083,0.12544364039460887
SG_000086,0.20268385349179535
SG_000087,0.28328902322014754
SG_000092,0.17247986885891115
SG_000099,0.20307379205991863
SG_000100,0.18984668095482227
SG_000105,0.14919050098790268
SG_000106,0.2145962338902188
SG_000107,0.11451418048370011
SG_000118,0.16247958561882367
SG_000120,0.16013303282684277
SG_000125,0.1648662095483775
SG_000129,0.1510468083962317
SG_000137,0.15453885618452776
SG_000146,0.15785619463572453
SG_000147,0.17118149155735884
SG_000149,0.1850576280683261
SG_000153,0.190959202907922
SG_000161,0.13057991318230797
SG_000163,0.1546041759760556
SG_000165,0.18931013108143793
SG_000173,0.15286287723924058
SG_000178,0.14800063867353477
SG_000179,0.15550760077461606
SG_000187,0.25475072606133825
SG_000192,0.10722286656929253
SG_000193,0.2507720194655071
SG_000195,0.15576453654189953
SG_000196,0.18495169201239053
SG_000201,0.11288567133190272
SG_000203,0.14808663144894982
SG_000205,0.3001233579086947
SG_000207,0.15683313362133117
SG_000211,0.20683699884795653
SG_000214,0.1479194220792116
SG_000217,0.12215288708329215
SG_000218,0.30349950917390556
SG_000219,0.18018236940920118
SG_000227,0.15206997171445535
SG_000229,0.12171514539586956
SG_000232,0.16037196027208112
SG_000240,0.13968930969178037
SG_000242,0.19264891210201687
SG_000244,0.15278148727320578
SG_000246,0.13600864484133277
SG_000250,0.19118638428957246
SG_000253,0.1948787961856845
SG_000262,0.17086186602260003
SG_000269,0.26558781590238756
SG_000270,0.1512804867824107
SG_000271,0.2102555318919036
SG_000284,0.1734467669634252
SG_000286,0.20634173677051948
SG_000287,0.15759032330323755
SG_000290,0.30298684339501336
SG_000291,0.1658065423765862
SG_000301,0.19505650180935508
SG_000302,0.1696913518441232
SG_000304,0.13609565973263354
SG_000306,0.22529560188614717
SG_000309,0.12057225205288655
SG_000314,0.16499725672029494
SG_000319,0.2118979631581208
SG_000320,0.1621765293141797
SG_000321,0.15586169640202902
SG_000325,0.1831921981344096
SG_000328,0.16443331428098035
SG_000329,0.16315564377187278
SG_000333,0.17084386690485906
SG_000334,0.23658973446219211
SG_000335,0.15231832070503354
SG_000339,0.10921134941038874
SG_000341,0.12381712071157326
SG_000345,0.2179023524311042
SG_000347,0.1564405514210795
SG_000349,0.125603980966208
SG_000350,0.13204235078055576
SG_000351,0.13640262991397784
SG_000357,0.13925204132767294
SG_000360,0.20210500516323612
SG_000366,0.281243526139475
SG_000368,0.21159170247383768
SG_000370,0.17783392517367347
SG_000378,0.15361385588727533
SG_000386,0.18837881012113464
SG_000394,0.16571309873120646
SG_000395,0.13762942072006848
SG_000397,0.23872783290484398
SG_000398,0.14710949487963704
SG_000401,0.2091063826302383
SG_000402,0.1636028910416244
SG_000414,0.18322902607189623
SG_000415,0.20169579264798776
SG_000419,0.1928716888576421
SG_000420,0.19636390083048727
SG_000422,0.2289050830358712
SG_000425,0.1513754309853788
SG_000430,0.1347368489183555
SG_000431,0.10614346312893004
SG_000435,0.11839065962759601
SG_000436,0.12623951421627702
SG_000440,0.1575427354744317
SG_000444,0.14143175891341525
SG_000450,0.182577327140042
SG_000452,0.1722140288007758
SG_000454,0.15372372556390687
SG_000460,0.20519918569564494
SG_000462,0.16776900712033807
SG_000471,0.13663221946872844
SG_000474,0.16612115983622278
SG_000475,0.1876307487561789
SG_000476,0.14727684922177142
SG_000480,0.1721463473767691
SG_000482,0.23247621088162224
SG_000484,0.16799332232441402
SG_000487,0.19903839710538235
SG_000488,0.19927163020856065
SG_000494,0.2003617902885486
SG_000496,0.18341532087484974
SG_000497,0.13080330759755757
SG_000498,0.16533890223030318
SG_000501,0.15935223270368284
SG_000506,0.14132423749391856
SG_000511,0.1595370556545418
SG_000513,0.12626223389702537
SG_000524,0.14360162319776362
SG_000526,0.1763286991639758
SG_000527,0.13357961571990618
SG_000530,0.16394000317781782
SG_000535,0.18924004831504698
SG_000536,0.17310240431628804
SG_000551,0.18933401433086752
SG_000561,0.18397295972243866
SG_000563,0.31012899190656995
SG_000567,0.16851400612635986
SG_000572,0.16976501803277125
SG_000580,0.14605345894307534
SG_000583,0.17347538558184278
SG_000585,0.2660958800446165
SG_000588,0.13632220933765332
SG_000591,0.1772518561710597
SG_000593,0.1633377372533795
SG_000594,0.16460000910258454
SG_000598,0.142387955209963
SG_000603,0.1515355736610304
SG_000610,0.1386232682900136
SG_000614,0.14641793405824613
SG_000615,0.16123816826712378
SG_000616,0.13828954200887197
SG_000617,0.1305142520065107
SG_000619,0.1155975647623037
SG_000621,0.18792010344608218
SG_000629,0.19827936056296502
SG_000633,0.15902127249994819
SG_000634,0.19289051732565232
SG_000638,0.15440979506155447
SG_000640,0.21076797386150414
SG_000643,0.17380956732430192
SG_000646,0.24579310808010563
SG_000648,0.15863645300374873
SG_000657,0.13635123922907627
SG_000662,0.17847932551702902
SG_000665,0.14825628816176264
SG_000666,0.17256697588033554
SG_000672,0.12264986205041123
SG_000674,0.16496501634667954
SG_000677,0.15046941516719772
SG_000678,0.2225419380370332
SG_000679,0.12577538498613977
SG_000691,0.2284845525078627
SG_000692,0.1507216985998575
SG_000693,0.1879287987813416
SG_000695,0.18379328797050878
SG_000696,0.15984047690212178
SG_000698,0.11655188777467038
SG_000706,0.1584531618848036
SG_000709,0.16936862393048469
SG_000713,0.15453262486484742
SG_000716,0.1685972422117797
SG_000717,0.11594950563416796
SG_000719,0.17509120507757026
SG_000722,0.2295383536670727
SG_000727,0.171737525041146
SG_000734,0.1679548621411252
SG_000737,0.13934457827696187
SG_000739,0.14841253191895248
SG_000742,0.21288587355475447
SG_000743,0.15110557715953893
SG_000750,0.16048809733006802
SG_000751,0.1915505815871436
SG_000759,0.22496900043565532
SG_000762,0.17286623945535956
SG_000764,0.24282684649298375
SG_000768,0.12838265344806696
SG_000769,0.18105055412492793
SG_000770,0.17038727637596712
SG_000788,0.27800994585536953
SG_000790,0.14794166707538098
SG_000797,0.15891137394294924
SG_000798,0.12403574963892312
SG_000799,0.19032245996383174
SG_000802,0.16936910550985063
SG_000803,0.2802652144130856
SG_000809,0.21892575342272974
SG_000811,0.1194838072179894
SG_000812,0.23226735596693288
SG_000816,0.26865730318561515
SG_000817,0.1533282737115384
SG_000820,0.14671341002491634
SG_000821,0.1452833804858013
SG_000826,0.17875574716867504
SG_000840,0.1884216125895251
SG_000849,0.20446760604882622
SG_000851,0.14965033324797267
SG_000856,0.12888187120091169
SG_000857,0.16986184411035832
SG_000864,0.14029748380933812
SG_000865,0.13736948386473316
SG_000875,0.19825326164040558
SG_000883,0.15415688346256048
SG_000888,0.1805935762809363
SG_000889,0.16548716217526147
SG_000890,0.1850475463723685
SG_000891,0.12175866979869641
SG_000903,0.17386875981876282
SG_000907,0.1605509467400472
SG_000909,0.13999475335728956
SG_000910,0.19676809080330965
SG_000911,0.17015351602473336
SG_000912,0.25111857626062
SG_000913,0.20894595930639986
SG_000917,0.19192256499752297
SG_000920,0.2156302111067341
SG_000928,0.10711675094092453
SG_000934,0.134607801407494
SG_000935,0.22928739296091866
SG_000938,0.1781969439210857
SG_000940,0.16119626296216372
SG_000943,0.1652269498769423
SG_000945,0.1521236020660686
SG_000946,0.1487427263521884
SG_000948,0.16472811156962103
SG_000950,0.1926364185601367
SG_000954,0.13909958859527066
SG_000959,0.19179518206867296
SG_000963,0.155824730704331
SG_000965,0.17290898651562273
SG_000968,0.1767230157431856
SG_000970,0.22898524041323587
SG_000973,0.12001090825556725
SG_000975,0.12291525814498316
SG_000977,0.1589534575053099
SG_000980,0.2520666728370985
SG_000981,0.20598468474633233
SG_000985,0.1774790866822117
SG_000987,0.20202450350572937
SG_000988,0.1693685501189679
SG_000990,0.1817887960609129
SG_000991,0.19478995684642214
SG_001002,0.2432250101742432
SG_001004,0.171074449395618
SG_001009,0.14440070722134352
SG_001010,0.1964405404785221
SG_001014,0.1505477013164574
SG_001023,0.17452796314470387
SG_001027,0.11161508335065609
SG_001028,0.1723487937516005
SG_001030,0.17293302018801138
SG_001031,0.19409729218632987
SG_001032,0.14373580538089933
SG_001042,0.16384266100561543
SG_001048,0.14932008406704436
SG_001049,0.13638012737704683
SG_001052,0.15684172897867327
SG_001058,0.1405587725468984
SG_001060,0.13213357879895957
SG_001066,0.19675646424998122
SG_001067,0.2052794911710122
SG_001070,0.15922833495704258
SG_001071,0.15156973774402951
SG_001075,0.12080272296502854
SG_001076,0.17168201306792824
SG_001078,0.14831142258249652
SG_001081,0.19218984687469293
SG_001085,0.1490832223340331
SG_001086,0.17062040790164967
SG_001100,0.13472089147505292
SG_001101,0.11398461965645841
SG_001102,0.22117074434995238
SG_001106,0.14497250833719133
SG_001107,0.153828727875491
SG_001108,0.16452600518680888
SG_001109,0.12663391945364796
SG_001111,0.2100030428121878
SG_001117,0.21350056673178344
SG_001121,0.14747639232828702
SG_001123,0.20165428702214494
SG_001125,0.1944855789961678
SG_001126,0.28881030164547683
SG_001128,0.188879258442112
SG_001133,0.138398607641615
SG_001135,0.19396397910937777
SG_001143,0.2710333826048555
SG_001153,0.1230587980535302
SG_001155,0.24168770846863136
SG_001157,0.1857538779436269
SG_001159,0.15825551990566059
SG_001161,0.20947394970820735
SG_001163,0.11119863605261236
SG_001167,0.31036721766540565
SG_001180,0.23327236903875487
SG_001181,0.2747939825427213
SG_001182,0.15907020826793364
SG_001184,0.18839481905625705
SG_001188,0.1511029369421772
SG_001190,0.19271673672354617
SG_001192,0.19966078174702484
SG_001196,0.18463720978606746
SG_001201,0.19155485826865012
SG_001202,0.11999402533511917
SG_001203,0.2104170262204592
SG_001205,0.1295663718162743
SG_001208,0.18505192050558064
SG_001210,0.15574997744308022
SG_001211,0.17178730085550298
SG_001213,0.17728974361461783
SG_001215,0.22396276371259927
SG_001217,0.18889930476379205
SG_001225,0.1805245323542073
SG_001226,0.1585152312901722
SG_001229,0.17839313415981198
SG_001230,0.15998182482713766
SG_001236,0.17669874623050078
SG_001237,0.13083148519265286
SG_001243,0.21026344449787632
SG_001245,0.15671267229157707
SG_001248,0.15178203228376322
SG_001252,0.14068899999811366
SG_001255,0.22063025941743625
SG_001257,0.18809301615641916
SG_001262,0.16523731841577735
SG_001264,0.1537148991118732
SG_001267,0.13799373322756797
SG_001279,0.10595233146769531
SG_001285,0.1559980545739639
SG_001287,0.15610133107022156
SG_001293,0.18855607930102788
SG_001296,0.1968354272108757
SG_001298,0.14974461038502004
SG_001303,0.1739754966761414
SG_001305,0.136652379514095
SG_001306,0.146778391982751
SG_001309,0.20552707663415648
SG_001312,0.11787943555227988
SG_001313,0.13243198254693986
SG_001314,0.1970031936590262
SG_001316,0.12698034187377047
SG_001318,0.15054779567662657
SG_001319,0.15172129443865853
SG_001321,0.20228365295316755
SG_001322,0.19966722290175995
SG_001327,0.12940295696495413
SG_001331,0.13631949612100955
SG_001335,0.14341458048266936
SG_001336,0.19386070752417583
SG_001349,0.21691522177971065
SG_001350,0.16204882665544237
SG_001352,0.17977840002987255
SG_001354,0.15778610068676685
SG_001361,0.15343247163790558
SG_001362,0.17310114085450115
SG_001364,0.16277081971081137
SG_001374,0.21141481643968216
SG_001389,0.17583937932787339
SG_001390,0.13419952673313992
SG_001395,0.19968178221416574
SG_001397,0.13736025290450754
SG_001401,0.159142040637454
SG_001402,0.15646213657797986
SG_001405,0.17188895044192415
SG_001412,0.1834263859798625
SG_001415,0.1881874642166983
SG_001419,0.11089349574472217
SG_001421,0.21938813673778512
SG_001423,0.16317479889356484
SG_001432,0.19554189810194147
SG_001433,0.14188506676979595
SG_001441,0.22379990910571082
SG_001446,0.14145042634749325
SG_001447,0.16043875045736966
SG_001448,0.1232023280221409
SG_001453,0.12722584789333954
SG_001458,0.15065523723073015
SG_001465,0.15966943785006193
SG_001469,0.19190045236019213
SG_001470,0.15647809280179423
SG_001472,0.2654650136961509
SG_001476,0.1799915549046991
SG_001478,0.23266329202838637
SG_001480,0.22640988769573095
SG_001484,0.1358341503346632
SG_001487,0.2005742949924254
SG_001493,0.16236342061557707
SG_001494,0.21966092613664198
SG_001500,0.18534066441679573
SG_001505,0.15959702037519166
SG_001506,0.1573868105402294
SG_001510,0.17029591557033008
SG_001514,0.18772419789107594
SG_001520,0.15126208673317332
SG_001525,0.21759716834016715
SG_001527,0.16095748989083986
SG_001528,0.16896642656598432
SG_001529,0.1679087386105254
SG_001531,0.170250989667378
SG_001541,0.24319353933052387
SG_001542,0.15750996920793106
SG_001543,0.240612508748206
SG_001545,0.16662410729583144
SG_001549,0.1892147211646321
SG_001557,0.14117436588656598
SG_001558,0.21796959218018724
SG_001561,0.1960170676551019
SG_001562,0.10927705789303108
SG_001563,0.2096213265091083
SG_001567,0.1411484071538918
SG_001568,0.14866496621887604
SG_001569,0.14511121963813342
SG_001570,0.1798340750673334
SG_001571,0.1816631734831896
SG_001572,0.19948202330952425
SG_001573,0.1386373200374322
SG_001576,0.19081290835051118
SG_001584,0.17422395823166
SG_001590,0.21877260527498818
SG_001591,0.1240440754329738
SG_001592,0.11818368921846137
SG_001595,0.1311557023913938
SG_001601,0.1632073927277498
SG_001604,0.2007958737522556
SG_001609,0.1865406927486401
SG_001610,0.23215307330964288
SG_001612,0.15443352249760312
SG_001613,0.1664393352602119
SG_001615,0.16769112323944746
SG_001623,0.15739061457032705
SG_001624,0.13587347108783104
SG_001631,0.16362928132474286
SG_001634,0.1903561244667921
SG_001636,0.26730911215278497
SG_001638,0.2547618954332371
SG_001647,0.18755732881300397
SG_001650,0.167316399449372
SG_001653,0.20194645121049604
SG_001654,0.1913316035688829
SG_001658,0.20726650646302147
SG_001663,0.16635612697326985
SG_001667,0.1354114515513771
SG_001668,0.1482826931959289
SG_001670,0.11154506627236932
SG_001683,0.1219850183058406
SG_001686,0.20910006666482503
SG_001688,0.2028090730344423
SG_001689,0.12890123219103866
SG_001698,0.215665139042036
SG_001704,0.2161633781450732
SG_001711,0.19165835162504907
SG_001719,0.1484389861231061
SG_001720,0.1178724851124929
SG_001723,0.21772708598645377
SG_001726,0.1733558886970617
SG_001728,0.12146025585477511
SG_001731,0.14013530453689224
SG_001733,0.1889983937890034
SG_001734,0.1638138943860583
SG_001735,0.20281198405258832
SG_001737,0.21703497703059882
SG_001738,0.15895781706020104
SG_001739,0.17183530193079377
SG_001740,0.1666596539151614
SG_001744,0.15986331567092169
SG_001745,0.17205544160649877
SG_001750,0.1570092522222325
SG_001751,0.15431769412540458
SG_001761,0.17141465773088355
SG_001767,0.14147505946597594
SG_001768,0.16136785618341887
SG_001769,0.15518395540455052
SG_001776,0.30004402360344373
SG_001786,0.14008673730284124
SG_001788,0.1653563698334902
SG_001789,0.20973708391753057
SG_001790,0.13749180275605738
SG_001791,0.20228204309717912
SG_001792,0.20436093227013613
SG_001793,0.16663821314733135
SG_001796,0.19186241013697267
SG_001797,0.12418206414960276
SG_001803,0.15388867361468775
SG_001804,0.12671399423589585
SG_001806,0.1378318607495034
SG_001811,0.1369884949082851
SG_001815,0.1533586360757873
SG_001819,0.13946450434632163
SG_001824,0.15839572183299086
SG_001825,0.18518339444716142
SG_001827,0.22268651945158752
SG_001830,0.16182589032042005
SG_001831,0.1479223524732676
SG_001833,0.18145664949595947
SG_001836,0.1507168110275668
SG_001844,0.1745510286340005
SG_001846,0.11715709923336068
SG_001847,0.19098668946205366
SG_001848,0.20021090524814938
SG_001849,0.17197670996489844
SG_001851,0.15217862651366806
SG_001858,0.15286729363252954
SG_001860,0.13659308986953156
SG_001862,0.20772083158262605
SG_001864,0.1264967763335264
SG_001865,0.18457429624648397
SG_001867,0.14869382645535523
SG_001872,0.12008146555014315
SG_001876,0.1926165228589407
SG_001877,0.224525077141582
SG_001883,0.18368491233921472
SG_001884,0.18561070543392572
SG_001885,0.12023409574162042
SG_001886,0.27506360298125215
SG_001888,0.15218692100567346
SG_001890,0.13042190860502578
SG_001892,0.16457941579316582
SG_001893,0.20397956140674814
SG_001894,0.15521608517991434
SG_001895,0.22809375400882703
SG_001897,0.17822499347879778
SG_001901,0.17947418500760748
SG_001903,0.1689486472806243
SG_001904,0.12811700342442284
SG_001906,0.172768269828756
SG_001909,0.19486399751897565
SG_001912,0.16263788793661313
SG_001914,0.18354827429750412
SG_001915,0.14735878492263227
SG_001919,0.19362388664936184
SG_001924,0.1291359881016141
SG_001925,0.12550128825837914
SG_001928,0.22654659927517473
SG_001930,0.1530655659354087
SG_001932,0.16211768846207417
SG_001933,0.15961280407285267
SG_001934,0.12990981669388543
SG_001936,0.12406855410633184
SG_001947,0.1774309642711317
SG_001953,0.21073335511083718
SG_001954,0.12425162718983711
SG_001955,0.20379978913559782
SG_001963,0.1868619170135956
SG_001971,0.19038775348347897
SG_001975,0.1858432630844466
SG_001976,0.13827055056309195
SG_001977,0.1812602091191754
SG_001980,0.15278578893899022
SG_001981,0.1499397333049528
SG_001982,0.15608021486227971
SG_001990,0.16806253104924926
SG_001999,0.1168904476573033
SG_002000,0.16762499222933536
SG_002002,0.2128368063346187
SG_002004,0.1675305172710522
SG_002008,0.24868205304564361
SG_002009,0.15988518506709956
SG_002016,0.1751858254463478
SG_002021,0.18622785439172432
SG_002024,0.1656096506033272
SG_002027,0.22312680506013316
SG_002037,0.18457110237266794
SG_002038,0.2026529761539128
SG_002039,0.2127590902196004
SG_002044,0.19927826340054736
SG_002045,0.13851639793324244
SG_002048,0.14576737156484537
SG_002050,0.250003352811375
SG_002052,0.189070930401756
SG_002063,0.19126047549401987
SG_002067,0.2176297136536937
SG_002068,0.14729802263811567
SG_002069,0.17183339643363166
SG_002074,0.13718376790358253
SG_002075,0.16784706843092662
SG_002078,0.13193635032429687
SG_002081,0.14019460538463308
SG_002090,0.2506236033294996
SG_002097,0.21945163735146128
SG_002103,0.16692270201972031
SG_002105,0.17939685250025872
SG_002110,0.13121662675858087
SG_002122,0.14328286440981372
SG_002123,0.1522995836726977
SG_002125,0.2577710795255802
SG_002129,0.24194781335948926
SG_002131,0.24373810802001755
SG_002137,0.1607768231953463
SG_002142,0.2048177922116324
SG_002150,0.1505540569226118
SG_002151,0.1749677909337124
SG_002152,0.18989377107269942
SG_002166,0.13821332079522158
SG_002171,0.2021256579630803
SG_002172,0.17197115189272616
SG_002176,0.15091035378951487
SG_002177,0.2805705364429169
SG_002181,0.2100065771562809
SG_002184,0.12758448019476418
SG_002185,0.28397895578880106
SG_002186,0.15025693880442131
SG_002191,0.1584064189961921
SG_002192,0.19985292582669417
SG_002194,0.16025268661235567
SG_002200,0.12079213103518989
SG_002209,0.17460081306532282
SG_002213,0.12791184468440076
SG_002220,0.1387078512918175
SG_002223,0.13355098949430047
SG_002227,0.15542811979448826
SG_002228,0.18042558193424585
SG_002233,0.15959467911719027
SG_002241,0.20588848341440474
SG_002248,0.2561778900478154
SG_002251,0.13279272971256043
SG_002252,0.15393222527269232
SG_002254,0.1801339936381103
SG_002255,0.1949780034337311
SG_002260,0.20071899225074463
SG_002262,0.14833446911854536
SG_002263,0.14783983700930184
SG_002266,0.13678283709607408
SG_002270,0.14181607920453287
SG_002277,0.15245465139085457
SG_002278,0.12045836288148665
SG_002280,0.15009602914743078
SG_002281,0.17111066122935442
SG_002283,0.17336767985136392
SG_002284,0.19696730383178115
SG_002286,0.14232390620786292
SG_002288,0.15541660034341429
SG_002291,0.18738931529707625
SG_002292,0.17489029423030455
SG_002294,0.16718937748796758
SG_002296,0.1797011519762612
SG_002298,0.17628540306598023
SG_002301,0.16271426028016717
SG_002304,0.20508420971144295
SG_002311,0.2039446273914585
SG_002319,0.25587364047096517
SG_002320,0.17109199044207662
SG_002322,0.15472368766866082
SG_002324,0.14048116502048158
SG_002328,0.1975850206247245
SG_002332,0.15564222147142093
SG_002341,0.2788922228525398
SG_002346,0.14314076614561766
SG_002347,0.2381796042422183
SG_002352,0.22679348128534
SG_002357,0.18435395387517595
SG_002361,0.1604784376577725
SG_002370,0.11734116785160172
SG_002371,0.1745151592570447
SG_002372,0.15485711431083554
SG_002373,0.1513056163908747
SG_002374,0.14932028587753454
SG_002375,0.13830754829038944
SG_002381,0.1337763685333935
SG_002385,0.13339510916137845
SG_002387,0.17042783134684036
SG_002390,0.19966970878341503
SG_002391,0.1247968150410774
SG_002392,0.11676430426501573
SG_002394,0.19450443135094697
SG_002396,0.14986220872249384
SG_002401,0.12424050759807707
SG_002402,0.16992445312654067
SG_002404,0.20552383029474675
SG_002407,0.14630002292897387
SG_002410,0.1338290416903501
SG_002419,0.2706452052725405
SG_002421,0.14532907545548818
SG_002422,0.1684743920606377
SG_002423,0.26318461759656925
SG_002429,0.1563472519101824
SG_002430,0.1655055160414376
SG_002434,0.24266877108678167
SG_002437,0.1631432808383041
SG_002442,0.13499307413549538
SG_002444,0.1160637340911414
SG_002447,0.13183722412451673
SG_002448,0.14859245053592435
SG_002450,0.2489664067631034
SG_002453,0.12158701136935945
SG_002454,0.1634769117464625
SG_002455,0.198279598550141
SG_002456,0.22703131659790166
SG_002458,0.14028146027846713
SG_002459,0.17753684005149928
SG_002460,0.24260254288582755
SG_002462,0.15306563792854003
SG_002464,0.16932268984626264
SG_002466,0.23234452346065623
SG_002475,0.17822795986465195
SG_002477,0.18699642675420533
SG_002479,0.1639392799133495
SG_002482,0.16712062713282233
SG_002483,0.24454933924033623
SG_002486,0.2211977615317806
SG_002490,0.19241126083132715
SG_002493,0.14485762710872502
SG_002495,0.18446688049886267
SG_002498,0.1534222291988501
SG_002500,0.21427464671840474
SG_002502,0.11988485003497648
SG_002507,0.13458221389518
SG_002509,0.1670099659565315
SG_002517,0.22753755173492796
SG_002520,0.16198056971381058
SG_002522,0.15731194258630682
SG_002526,0.1150904818809942
SG_002529,0.12737827865211235
SG_002532,0.13077783267869947
SG_002539,0.1403725908271153
SG_002541,0.11572787507969323
SG_002544,0.14929795748090713
SG_002545,0.1471232458001538
SG_002546,0.15887551145963988
SG_002548,0.20260664489320482
SG_002555,0.22586974379004576
SG_002559,0.1600965300415963
SG_002568,0.14537866835903449
SG_002572,0.23941572601363897
SG_002573,0.1310391841238148
SG_002577,0.20557241744796337
SG_002580,0.17712900381607766
SG_002583,0.21377598348461957
SG_002586,0.13660594961622882
SG_002587,0.20516915581725206
SG_002588,0.16239767614690914
SG_002594,0.13867176594729205
SG_002596,0.1047499431307647
SG_002597,0.12768998127331044
SG_002599,0.18061527439894093
SG_002600,0.15438576758496653
SG_002601,0.12639692030870403
SG_002605,0.15915145327392574
SG_002613,0.16267547186026657
SG_002615,0.147146632850329
SG_002618,0.19694663804523072
SG_002622,0.14141941429471702
SG_002627,0.195947556577774
SG_002628,0.21526716672426524
SG_002630,0.11353035736368347
SG_002633,0.16147082606333524
SG_002638,0.11799370080905269
SG_002649,0.23929450514789596
SG_002650,0.16477874171782264
SG_002652,0.14218531425627903
SG_002653,0.17077731751757302
SG_002654,0.1377048464211686
SG_002657,0.13884775304968447
SG_002664,0.1740440222498563
SG_002665,0.11654244391470475
SG_002666,0.20833736224011562
SG_002667,0.19412924043369
SG_002672,0.16774133955542253
SG_002673,0.20700544420876288
SG_002674,0.17230089438852886
SG_002675,0.15856037334838546
SG_002680,0.21453565292943522
SG_002684,0.2839878197447835
SG_002688,0.20571945419879678
SG_002689,0.13289938878535834
SG_002691,0.13198837773020883
SG_002693,0.20538440227994725
SG_002699,0.15638429875839985
SG_002701,0.17954696137656048
SG_002705,0.16866018338528857
SG_002720,0.1096935941312413
SG_002731,0.1910027660433395
SG_002733,0.1547424192131655
SG_002735,0.21898533034105466
SG_002736,0.24453037123866356
SG_002738,0.14190968451791147
SG_002742,0.14314074921738182
SG_002746,0.14034606380575906
SG_002748,0.12613480740659655
SG_002752,0.1131666608143882
SG_002755,0.13026398075792894
SG_002757,0.14483485672123053
SG_002759,0.17576041625593697
SG_002767,0.14747572653807337
SG_002770,0.1523348014914645
SG_002773,0.17873150084436684
SG_002777,0.1944724962542163
SG_002782,0.12742667431595592
SG_002783,0.128943305100171
SG_002785,0.16885485785278476
SG_002788,0.1829314751715451
SG_002789,0.2009505848716134
SG_002793,0.16156875060154702
SG_002796,0.12617986440500964
SG_002798,0.2227183137031982
SG_002809,0.21311891487506424
SG_002814,0.17948469841733494
SG_002820,0.18407053506522247
SG_002825,0.16954065908427265
SG_002827,0.14225114873134617
SG_002829,0.2334880857879195
SG_002832,0.195432001802596
SG_002834,0.14660078744051067
SG_002840,0.17552989567168653
SG_002842,0.16241192872417765
SG_002843,0.15741893840201657
SG_002849,0.2791950623862482
SG_002850,0.16663275257570703
SG_002853,0.14361862684137106
SG_002875,0.16130293870475776
SG_002882,0.2352007484871431
SG_002887,0.2695702528988247
SG_002891,0.1778417631643585
SG_002896,0.15980282485361047
SG_002904,0.20647646733032285
SG_002906,0.19655701097912415
SG_002907,0.15251722751433425
SG_002910,0.21610164824314132
SG_002918,0.18858103465959672
SG_002926,0.1497272457668447
SG_002930,0.13851147747272569
SG_002932,0.13198459331370585
SG_002937,0.16779332885008952
SG_002939,0.15909511017041658
SG_002943,0.12377255324549019
SG_002944,0.14577709925727989
SG_002947,0.1246594983412794
SG_002949,0.16814282942353637
SG_002950,0.12844538165764793
SG_002952,0.15906009767072854
SG_002954,0.19273178799942675
SG_002955,0.18387000133457257
SG_002958,0.1810608237217226
SG_002960,0.15768395272487334
SG_002964,0.18237171717482414
SG_002967,0.1695101800989066
SG_002972,0.22966182964194093
SG_002982,0.27276528857192744
SG_002985,0.16268122271858607
SG_002989,0.1957419459823467
SG_002999,0.17100734934413164
SG_003002,0.16761504493060508
SG_003008,0.16674663118473315
SG_003023,0.1488371975354406
SG_003024,0.14333959427424087
SG_003026,0.2077369084424313
SG_003028,0.17649839505524745
SG_003030,0.16241045951930727
SG_003031,0.18322791787693038
SG_003037,0.1479258903417795
SG_003042,0.13558897012991197
SG_003043,0.1347724680571256
SG_003044,0.18245099818173757
SG_003045,0.13796395177559118
SG_003048,0.19054354454344602
SG_003049,0.12998276165337544
SG_003051,0.1579954784188926
SG_003052,0.17244868371410904
SG_003059,0.19944369527548428
SG_003062,0.16535040957280267
SG_003065,0.1534435591477552
SG_003067,0.11388762521591168
SG_003071,0.1305326593021409
SG_003072,0.1687413131991854
SG_003073,0.2096998301062671
SG_003075,0.1689924012246644
SG_003080,0.13761595777351085
SG_003082,0.15509469015950317
SG_003084,0.17067607948207408
SG_003085,0.15551026548076305
SG_003088,0.23589415368084424
SG_003089,0.15000690821228793
SG_003096,0.15952199435516382
SG_003097,0.16555494976138455
SG_003102,0.14378327128439988
SG_003105,0.19941213459317883
SG_003107,0.14154907303208594
SG_003111,0.15034900880115445
SG_003116,0.1612745410113241
SG_003118,0.1346528133902925
SG_003125,0.14555873474737496
SG_003127,0.1798693129745022
SG_003133,0.19830551538608054
SG_003135,0.18547172935395537
SG_003137,0.14674582567258945
SG_003138,0.13232998989912131
SG_003139,0.187028406123782
SG_003141,0.19904469616271547
SG_003144,0.17525478727358185
SG_003151,0.2134532769036911
SG_003154,0.16841882621915932
SG_003158,0.19602395276328846
SG_003160,0.12072583611314425
SG_003164,0.2275510540764401
SG_003168,0.1514584268704382
SG_003169,0.11427908472923792
SG_003174,0.14036976280703234
SG_003179,0.19550791439218324
SG_003184,0.19329172137784056
SG_003186,0.15876954951509287
SG_003193,0.1929331265251138
SG_003196,0.13031304523541626
SG_003198,0.20500934159362952
SG_003201,0.15055810119196336
SG_003204,0.2616597976925598
SG_003205,0.1657567675494065
SG_003206,0.13062647490682677
SG_003211,0.1902290758301058
SG_003214,0.1761135513374144
SG_003215,0.16107916773114872
SG_003216,0.15817255174520478
SG_003217,0.16167067314675831
SG_003219,0.13177699505235377
SG_003226,0.18733995289452332
SG_003227,0.1561730149126585
SG_003230,0.20177010444319693
SG_003231,0.18069613429360737
SG_003232,0.12438970511556549
SG_003234,0.18331798944662925
SG_003239,0.15899974647943552
SG_003241,0.11887068383684671
SG_003243,0.15549523028123854
SG_003250,0.15874556965572267
SG_003253,0.2186746748458978
SG_003256,0.1368267791840701
SG_003259,0.1632445516991894
SG_003266,0.20848487110674147
SG_003272,0.1635852410740939
SG_003273,0.1266116458511601
SG_003281,0.11978449047072798
SG_003284,0.17302083725157658
SG_003288,0.11142295208602263
SG_003293,0.1470451641846199
SG_003294,0.19188157104171405
SG_003295,0.16446680306163614
SG_003296,0.13670882930153305
SG_003301,0.1611575174780549
SG_003304,0.20704694112525066
SG_003305,0.22353473139359709
SG_003307,0.20011964992332137
SG_003310,0.1871959905828957
SG_003314,0.22188220024819472
SG_003321,0.1339776268634247
SG_003325,0.1734206481312381
SG_003328,0.246267836552156
SG_003331,0.1640702221280797
SG_003332,0.17856682327477172
SG_003333,0.16438551915669908
SG_003340,0.19271726003756867
SG_003341,0.210972114809405
SG_003342,0.2024075256895599
SG_003349,0.19101625888947749
SG_003355,0.15883712869181443
SG_003357,0.3226114225484874
SG_003361,0.1396615305698525
SG_003370,0.22253127946509899
SG_003371,0.1620042098953005
SG_003373,0.1740958134177174
SG_003374,0.2504876336857094
SG_003379,0.14643921608822535
SG_003388,0.12612840112954113
SG_003389,0.1870735403083146
SG_003390,0.15295832564075845
SG_003391,0.22677293733757073
SG_003392,0.1474341063324724
SG_003393,0.31560608747030255
SG_003397,0.13740541314939558
SG_003398,0.14121478274472632
SG_003399,0.12879138081236596
SG_003402,0.2293642034076253
SG_003404,0.1491380638793895
SG_003407,0.11756024094588739
SG_003408,0.1452748039988494
SG_003422,0.1286942206460071
SG_003426,0.17936351531345196
SG_003430,0.15733350177393512
SG_003434,0.10674358217509097
SG_003437,0.18681777741507646
SG_003439,0.13747030292803328
SG_003440,0.1547590603893425
SG_003441,0.10837064877841
SG_003444,0.2137038007233938
SG_003447,0.1989516175097829
SG_003452,0.11981466407617333
SG_003453,0.32297795357663256
SG_003464,0.15925348882686508
SG_003469,0.13116315480308133
SG_003475,0.15082275806930046
SG_003477,0.17141957854423218
SG_003479,0.12566564729127971
SG_003480,0.1775270783725258
SG_003482,0.24143788682563846
SG_003483,0.26029268679900214
SG_003485,0.1384744891360181
SG_003486,0.23240745465749402
SG_003489,0.10188628431857075
SG_003491,0.12873848065501617
SG_003492,0.1277335038778442
SG_003493,0.15909847332707008
SG_003501,0.17703258994573295
SG_003505,0.15606247200332576
SG_003509,0.1166539240296362
SG_003517,0.14179684631015163
SG_003521,0.16164287641224956
SG_003526,0.14634923981790954
SG_003528,0.15783206651430257
SG_003532,0.14028321229040333
SG_003535,0.11592778284457339
SG_003538,0.2153647737383633
SG_003541,0.13039530248970985
SG_003545,0.1447979246112261
SG_003548,0.14821188244045397
SG_003549,0.20147053471275628
SG_003554,0.11567902932145711
SG_003557,0.2621977490396398
SG_003566,0.21101850504242564
SG_003568,0.11502466079265374
SG_003572,0.16870466211604856
SG_003575,0.17790846127573287
SG_003578,0.1563323910423685
SG_003584,0.23527990498265194
SG_003585,0.17732686603682418
SG_003588,0.18916838107300582
SG_003589,0.15489431875337265
SG_003594,0.15594832183744567
SG_003597,0.1648353000029171
SG_003598,0.16850186842508763
SG_003601,0.2364990835337195
SG_003603,0.19247331181632574
SG_003610,0.1778616048848135
SG_003611,0.14577388828725038
SG_003613,0.1823887991826611
SG_003618,0.14259809304747958
SG_003619,0.1898592958295463
SG_003620,0.17289094587108164
SG_003625,0.23216246676292185
SG_003627,0.1304927632149226
SG_003628,0.18002292988299579
SG_003629,0.15132012349052176
SG_003637,0.2769800831966257
SG_003648,0.1388341389451265
SG_003650,0.11670083840529866
SG_003666,0.1593344761888914
SG_003668,0.20416030809960978
SG_003670,0.14804521336604337
SG_003671,0.11778101451475204
SG_003689,0.11877656381686336
SG_003691,0.13464767305435751
SG_003699,0.20276319407790006
SG_003702,0.19855369844611861
SG_003704,0.1514786080717567
SG_003705,0.16991711476805763
SG_003706,0.17756068285470342
SG_003708,0.13104669450795955
SG_003710,0.1343496774899522
SG_003711,0.14552330540493677
SG_003714,0.18199087343349737
SG_003715,0.19601004810409584
SG_003722,0.19342670651242846
SG_003745,0.19593671789690162
SG_003746,0.14659965407948583
SG_003751,0.11600352404662533
SG_003754,0.18107638103115256
SG_003757,0.14280697502569517
SG_003758,0.20074913018078072
SG_003765,0.1430583354548502
SG_003767,0.1380014271214618
SG_003768,0.13037021976684607
SG_003769,0.155546589740125
SG_003777,0.17576591662232416
SG_003783,0.11691592489880209
SG_003786,0.1485519164472051
SG_003787,0.15916084700999536
SG_003788,0.14981694610606716
SG_003792,0.12957027185036657
SG_003795,0.167717589484394
SG_003806,0.16780805890872286
SG_003807,0.19128278750939043
SG_003809,0.1581849173046918
SG_003810,0.12187147904030254
SG_003812,0.19079846611643753
SG_003820,0.17144488813336722
SG_003822,0.20220315818072868
SG_003829,0.19831091947172635
SG_003835,0.12038799674849014
SG_003843,0.1771215712240099
SG_003844,0.1718940679734263
SG_003851,0.1219859278872849
SG_003852,0.2011089186254152
SG_003856,0.16274396855190762
SG_003860,0.19593474585555798
SG_003863,0.13166368172106327
SG_003865,0.15526682027037092
SG_003868,0.2184517059172043
SG_003869,0.11709777085253911
SG_003874,0.16861947749468675
SG_003878,0.1953937414919355
SG_003880,0.13605345082289258
SG_003881,0.15978054254110172
SG_003886,0.14143317243207654
SG_003896,0.16505062029628637
SG_003904,0.1754045316207465
SG_003905,0.1920694585639
SG_003906,0.1578564469735153
SG_003907,0.14266804347380344
SG_003908,0.18645025914787525
SG_003910,0.18115672003796413
SG_003917,0.14306124417888916
SG_003919,0.20649017757517668
SG_003920,0.14890460947489836
SG_003921,0.11874174210323421
SG_003922,0.20651210018220476
SG_003925,0.11696714810864596
SG_003926,0.16976517314362452
SG_003935,0.12355984206413537
SG_003937,0.13011656497342014
SG_003940,0.15698852537008828
SG_003941,0.1501178113476113
SG_003945,0.20474424449549433
SG_003951,0.21211713379157388
SG_003958,0.10982904637395374
SG_003959,0.1208910413807236
SG_003961,0.21767212013266762
SG_003966,0.14671495026346745
SG_003967,0.15248004334416723
SG_003969,0.17129277089318534
SG_003972,0.1749467599558504
SG_003977,0.16637107303358842
SG_003978,0.14747976489055417
SG_003979,0.1729789812520085
SG_003988,0.15251011903602954
SG_003992,0.23056633794856182
SG_003994,0.1498644921205114
SG_003995,0.16428673922938536
SG_004001,0.1898433564039743
SG_004002,0.14266446003289798
SG_004011,0.1428078681750156
SG_004012,0.15864749585808707
SG_004016,0.23594821211469014
SG_004019,0.18394305391975083
SG_004034,0.1509178349421275
SG_004036,0.15207747132669386
SG_004041,0.20828387713474045
SG_004042,0.17961241623570046
SG_004045,0.1301449466223291
SG_004048,0.2778143796492697
SG_004049,0.11074124093026444
SG_004050,0.2346160510679687
SG_004054,0.20779094934678854
SG_004060,0.17867560043967445
SG_004063,0.16079835273768436
SG_004064,0.16257078762087784
SG_004065,0.26065544768047794
SG_004066,0.13035083961359364
SG_004071,0.13020212614605742
SG_004074,0.13110420470279366
SG_004078,0.14893654008505988
SG_004079,0.14266486457083036
SG_004080,0.11332223698165662
SG_004081,0.22884893502637366
SG_004083,0.19548760055889608
SG_004087,0.13707790663834976
SG_004089,0.1450999896575709
SG_004091,0.11912381442396962
SG_004093,0.17198751378891247
SG_004094,0.19646091329376159
SG_004100,0.1487622990078837
SG_004107,0.16557445370987095
SG_004109,0.14384425755524233
SG_004110,0.18470816004391374
SG_004111,0.16799321061044528
SG_004123,0.11852861059042802
SG_004126,0.15487988933083868
SG_004127,0.1081145043139583
SG_004129,0.16217188308138927
SG_004130,0.1500506041095851
SG_004131,0.15986625273094235
SG_004136,0.14977686708047822
SG_004140,0.16256259572760906
SG_004149,0.13437446049628063
SG_004152,0.21501948301575022
SG_004155,0.15781652014742986
SG_004157,0.1371046451768255
SG_004163,0.16475584830017653
SG_004164,0.16482725957546163
SG_004168,0.16682447256533853
SG_004170,0.1827724859583464
SG_004171,0.1644275029821185
SG_004174,0.12414527505531739
SG_004175,0.17239832715847397
SG_004178,0.14448932253657099
SG_004181,0.23084621997105279
SG_004184,0.2198715368302238
SG_004186,0.15057101466785727
SG_004187,0.19713619433425766
SG_004191,0.1549310004123495
SG_004192,0.25781933976041604
SG_004197,0.1810879260379733
SG_004201,0.16714861662978744
SG_004204,0.16838260731077076
SG_004207,0.2056088383268702
SG_004209,0.2563745927043692
SG_004214,0.2618004642233205
SG_004218,0.1507215052781227
SG_004220,0.1456860495877257
SG_004223,0.1311863031660848
SG_004224,0.15833402677155817
SG_004225,0.14460113980546668
SG_004228,0.16115159166922044
SG_004229,0.1525291592779663
SG_004230,0.18289016391216661
SG_004235,0.12047381846762471
SG_004238,0.17156595334223054
SG_004239,0.30495417634239635
SG_004244,0.1718369378156653
SG_004253,0.19169058948486564
SG_004256,0.152710150446298
SG_004257,0.15255280559420528
SG_004258,0.14947318497348633
SG_004262,0.1884218560169414
SG_004263,0.14230012550786095
SG_004265,0.1451137297547867
SG_004268,0.1413719990156381
SG_004269,0.17527856701079852
SG_004271,0.13923579509117526
SG_004286,0.1679979307502945
SG_004289,0.14608920458447952
SG_004290,0.15668149164528725
SG_004291,0.1920358119716793
SG_004297,0.16227165980245845
SG_004300,0.20591541138275415
SG_004302,0.18677739803203242
SG_004305,0.1514225517548472
SG_004306,0.18836948526744612
SG_004312,0.16079797375514598
SG_004313,0.1227767356840836
SG_004315,0.19481377473460218
SG_004320,0.1386676751281247
SG_004321,0.19976259811767189
SG_004322,0.14779842198835252
SG_004325,0.2128074285796447
SG_004326,0.20621311763983813
SG_004339,0.15969888811026473
SG_004342,0.21070997596831317
SG_004347,0.16103888376235517
SG_004348,0.17679540029511776
SG_004349,0.22684820142039772
SG_004350,0.1911079703410097
SG_004357,0.11846361383753201
SG_004358,0.21659429017950327
SG_004359,0.15343015890150322
SG_004362,0.17194111925873076
SG_004365,0.15804813729932288
SG_004368,0.2244521631550405
SG_004369,0.18529364993310715
SG_004370,0.15934221929076245
SG_004378,0.16043665325002748
SG_004379,0.18464261032891932
SG_004388,0.1588661609392731
SG_004390,0.13074658835362252
SG_004391,0.13097824087051887
SG_004401,0.12248018170554481
SG_004404,0.2812183089132646
SG_004405,0.1630099463032026
SG_004406,0.16602659697252212
SG_004408,0.1373446626427555
SG_004415,0.20639469044002579
SG_004417,0.10530927808416354
SG_004419,0.1835336113749378
SG_004420,0.21366666502257248
SG_004422,0.15950249373917896
SG_004423,0.13670495109862282
SG_004426,0.11885258412593641
SG_004427,0.1229588665926535
SG_004429,0.15254699725211837
SG_004432,0.13089275055533348
SG_004439,0.20584128427000198
SG_004445,0.16372517602453326
SG_004447,0.16842845754492225
SG_004448,0.11533440314906934
SG_004451,0.1830369840663565
SG_004457,0.14968759007163832
SG_004458,0.15150297393791864
SG_004460,0.17080883908522052
SG_004461,0.23610862262093976
SG_004462,0.11040737588579098
SG_004464,0.13714694244659945
SG_004465,0.15640660975519433
SG_004469,0.10964838810239425
SG_004474,0.18901746309450285
SG_004475,0.13794592835675917
SG_004476,0.157316243426111
SG_004477,0.1483715852595525
SG_004480,0.2290992646299706
SG_004482,0.187551949690189
SG_004484,0.20537289680366405
SG_004486,0.14068528072305264
SG_004494,0.2581252569598906
SG_004504,0.1599672347850523
SG_004508,0.23015317171191718
SG_004509,0.2255049850229876
SG_004511,0.1602261377037374
SG_004514,0.1893017713424256
SG_004515,0.19087186862394295
SG_004518,0.1622385918388785
SG_004521,0.12834994585512047
SG_004526,0.15656205953343136
SG_004530,0.190508355735008
SG_004534,0.17197656886598456
SG_004536,0.1236571374748735
SG_004538,0.13305697731257543
SG_004539,0.14907104275213198
SG_004541,0.1849937211029875
SG_004549,0.1823847233986797
SG_004552,0.16023485415177546
SG_004553,0.15592951023096444
SG_004556,0.1714618811266223
SG_004559,0.14176630096838228
SG_004562,0.14083195540634136
SG_004565,0.18656802752056073
SG_004568,0.22483182347678765
SG_004576,0.14826062195499703
SG_004577,0.1621751460023217
SG_004593,0.2373549431692753
SG_004594,0.17420060945939722
SG_004600,0.23971056965958598
SG_004602,0.19095072920501394
SG_004608,0.14576099080002944
SG_004609,0.18363426250550935
SG_004612,0.15464982259269394
SG_004614,0.12413426222701987
SG_004617,0.14889096200253704
SG_004620,0.14039949614006958
SG_004623,0.18676244247037688
SG_004626,0.23163698479018716
SG_004631,0.21698117171025955
SG_004632,0.13095727867620663
SG_004633,0.16383458290706993
SG_004635,0.19438935079151104
SG_004637,0.18956342838354268
SG_004638,0.15473316471047666
SG_004641,0.24235645120218596
SG_004645,0.1852658277052569
SG_004652,0.15078628003517744
SG_004653,0.14094127705123
SG_004655,0.24948435266563962
SG_004656,0.15839256171610994
SG_004658,0.17067550238237064
SG_004659,0.14329548811231976
SG_004662,0.16736055250915677
SG_004664,0.12616733820599443
SG_004668,0.16674542949209653
SG_004669,0.16133448966808292
SG_004672,0.18394587714049437
SG_004676,0.194783547269465
SG_004682,0.13253396888773458
SG_004685,0.22329949177331457
SG_004689,0.14343976718148801
SG_004695,0.15347442757635588
SG_004697,0.17560189062523654
SG_004700,0.18415301899539
SG_004701,0.2540045885492456
SG_004709,0.15480842831071906
SG_004710,0.13520483264837732
SG_004712,0.1431591213698754
SG_004716,0.18754995016486536
SG_004720,0.11853844920831892
SG_004721,0.1261640084911247
SG_004723,0.1326630051193056
SG_004731,0.2369798694640437
SG_004736,0.21246669194526469
SG_004737,0.15323082471845811
SG_004738,0.14674874842590335
SG_004739,0.20114788061578162
SG_004742,0.1720466996164465
SG_004751,0.1748867672486897
SG_004753,0.10881346273046813
SG_004755,0.17322029100537492
SG_004757,0.17648403798587764
SG_004760,0.13017963903769822
SG_004761,0.1329352947360456
SG_004762,0.12992806096179355
SG_004763,0.1960569906221077
SG_004764,0.21192168261856975
SG_004766,0.186665128619659
SG_004769,0.12481668426655969
SG_004772,0.1509915699871545
SG_004773,0.1794850701420539
SG_004782,0.1284569932031807
SG_004784,0.18292406663263794
SG_004786,0.1742834712651543
SG_004787,0.13782022130068267
SG_004789,0.11688301368483954
SG_004797,0.15724506867374446
SG_004798,0.14216300578511962
SG_004799,0.24149660689470737
SG_004801,0.2244112987577052
SG_004804,0.20591109719362144
SG_004813,0.14156372940236564
SG_004816,0.28199817272742145
SG_004817,0.12689894080467776
SG_004818,0.15641461055397773
SG_004821,0.1506755635369559
SG_004827,0.17518621533498896
SG_004828,0.1691628388153511
SG_004829,0.1581607510562375
SG_004830,0.21347955771446656
SG_004831,0.21060500934021642
SG_004836,0.15164949528950783
SG_004840,0.1451040221406835
SG_004842,0.12831876619389246
SG_004844,0.15188884345563575
SG_004846,0.21320415508919005
SG_004853,0.16130924196846788
SG_004855,0.18184063464195732
SG_004856,0.13555701520069768
SG_004866,0.12787149502422374
SG_004867,0.1307899866611674
SG_004868,0.24693286900376382
SG_004873,0.20883352080553397
SG_004877,0.20649323850411838
SG_004881,0.13944014090442947
SG_004882,0.16077433161163573
SG_004887,0.15986987763764765
SG_004898,0.2654517920283321
SG_004900,0.21040737411847826
SG_004906,0.2457460607969862
SG_004907,0.17764633396095827
SG_004912,0.17139944263897455
SG_004913,0.1314300439088702
SG_004919,0.1517676516316403
SG_004922,0.20890730624038395
SG_004923,0.19010185521144696
SG_004925,0.1661770861508241
SG_004927,0.12254499194219648
SG_004929,0.23162619908772464
SG_004930,0.23801609247839686
SG_004939,0.1543968153254666
SG_004942,0.11585277973037414
SG_004944,0.12681356749548392
SG_004945,0.16457667925372063
SG_004959,0.14546933454632127
SG_004960,0.18791944260228177
SG_004964,0.15122822532094413
SG_004968,0.20389994431432568
SG_004969,0.16504432866228863
SG_004973,0.21414521859836427
SG_004975,0.20295639380601477
SG_004981,0.17325325665032396
SG_004985,0.2176387214756511
SG_004988,0.2206740356126236
SG_004990,0.15915285520508227
SG_004993,0.12203785190011643
SG_004997,0.12780205293192157
SG_005000,0.13941953855884393
SG_005002,0.2320545554344407
SG_005004,0.257890716386913
SG_005011,0.20557613382090134
SG_005013,0.14481495464760605
SG_005018,0.1396455872922828
SG_005019,0.127281232897934
SG_005020,0.16209718508709192
SG_005022,0.12470248479212293
SG_005027,0.1610872487885528
SG_005029,0.12162579895436007
SG_005030,0.14760584265699656
SG_005031,0.182142338776705
SG_005033,0.1327228985333517
SG_005037,0.127568553156456
SG_005041,0.1338437121015776
SG_005048,0.16114455026809346
SG_005049,0.19768508467617918
SG_005052,0.19084995327507917
SG_005057,0.16188944568739708
SG_005058,0.1615275324562733
SG_005062,0.216134441194695
SG_005080,0.13424866782937117
SG_005085,0.11711709290307173
SG_005086,0.1898869427863083
SG_005089,0.18846466510364857
SG_005090,0.1218766108894958
SG_005091,0.2540732940652823
SG_005094,0.18408056676500914
SG_005097,0.20421798776502853
SG_005098,0.15704269907515325
SG_005100,0.16981746433545675
SG_005101,0.20872310907463007
SG_005102,0.23695375228313387
SG_005108,0.22243705036541747
SG_005110,0.2237469695836513
SG_005114,0.22726439219812908
SG_005120,0.2108494121472949
SG_005122,0.16417126790461573
SG_005123,0.1444574337633546
SG_005126,0.20339841265195613
SG_005131,0.1102242350141137
SG_005132,0.1390740475686718
SG_005134,0.1427249954378383
SG_005137,0.11577965647488633
SG_005140,0.16505698216800713
SG_005141,0.1830240069079903
SG_005142,0.16416063026426225
SG_005143,0.13467444777743517
SG_005148,0.17464962710857246
SG_005161,0.18272599042375723
SG_005168,0.19456866282654123
SG_005170,0.14774062094318835
SG_005171,0.16832300880070641
SG_005174,0.15426424202447486
SG_005175,0.15014120780573964
SG_005178,0.17632947826166662
SG_005179,0.1290122390972014
SG_005188,0.20632185902505684
SG_005190,0.2738783122371487
SG_005191,0.14203467371901757
SG_005194,0.2404960849900128
SG_005196,0.1287970011198736
SG_005199,0.1701567052219566
SG_005200,0.12017720092247901
SG_005203,0.1603311602308845
SG_005205,0.17853762102542275
SG_005213,0.1502815412616067
SG_005214,0.19788809864384402
SG_005216,0.23602352184337586
SG_005220,0.1490634265695463
SG_005224,0.13657477625990955
SG_005228,0.16243348630331383
SG_005233,0.15838016726794713
SG_005235,0.17318702269091615
SG_005240,0.10829008717751284
SG_005241,0.21110216860118008
SG_005246,0.16862071755402122
SG_005247,0.1429986622788015
SG_005248,0.17032127237528438
SG_005250,0.17707844292801078
SG_005251,0.17502673927688805
SG_005253,0.14358200607248775
SG_005255,0.1712769612114315
SG_005264,0.14275263558194376
SG_005268,0.11292580017138178
SG_005270,0.18365411056566372
SG_005277,0.23614182978066856
SG_005282,0.13864147848699732
SG_005283,0.19170536993860235
SG_005284,0.17431884976433695
SG_005287,0.17710689930455867
SG_005289,0.15932477468698664
SG_005291,0.2278891402995351
SG_005292,0.12444949098898091
SG_005296,0.12020663949685842
SG_005302,0.2011583875283717
SG_005305,0.17618129009574643
SG_005311,0.17468513688072124
SG_005312,0.14207640394053797
SG_005313,0.14296854119038835
SG_005316,0.14716647215960957
SG_005320,0.23238982506790154
SG_005321,0.18973479668829413
SG_005322,0.20941355840411152
SG_005323,0.24862794923185272
SG_005325,0.22338122695252619
SG_005328,0.18478383057366982
SG_005329,0.20305273128551682
SG_005332,0.1919386801509351
SG_005333,0.17435268233964551
SG_005335,0.15045908745433334
SG_005340,0.15286322776773056
SG_005341,0.17390865861034266
SG_005346,0.17115039261349016
SG_005350,0.3227389586098661
SG_005351,0.14759884090172593
SG_005353,0.11180727971248773
SG_005356,0.1460896053561208
SG_005360,0.17693327954045346
SG_005362,0.19664518443292214
SG_005363,0.11611328438031904
SG_005365,0.18070458076649806
SG_005371,0.1673838638916598
SG_005372,0.1613753484250911
SG_005376,0.17641180265601128
SG_005378,0.19501548866079552
SG_005379,0.12545285111421545
SG_005380,0.2182879824926489
SG_005384,0.19076926813009035
SG_005386,0.20885471615057316
SG_005387,0.21533065748837338
SG_005397,0.1721702002076987
SG_005401,0.15958810337132084
SG_005408,0.2253956156409522
SG_005412,0.13380060135579808
SG_005414,0.19304183518675713
SG_005421,0.19128055058492688
SG_005424,0.14412986097570907
SG_005428,0.2298015687874949
SG_005432,0.18205166449821497
SG_005439,0.2678736566645655
SG_005444,0.14265598464850227
SG_005445,0.19274179543026673
SG_005446,0.1503452613049962
SG_005447,0.21086876949162828
SG_005449,0.15970029160943172
SG_005450,0.14439911614139236
SG_005451,0.1759253177218491
SG_005452,0.11403054897222717
SG_005456,0.16043499792216073
SG_005457,0.14027031039319718
SG_005459,0.10882272483321433
SG_005460,0.146904179436842
SG_005465,0.24301428170675354
SG_005466,0.20728488105032206
SG_005470,0.25600934683965015
SG_005473,0.16525340091579532
SG_005477,0.1637520004135472
SG_005486,0.16008266797074963
SG_005489,0.1577383738550875
SG_005491,0.24844748055931543
SG_005496,0.1209868359105385
SG_005497,0.18534715271404836
SG_005499,0.24246740497330585
SG_005503,0.1531297497035483
SG_005504,0.14597708326802464
SG_005506,0.15067158367985284
SG_005510,0.15728571104895667
SG_005511,0.25331350926699125
SG_005515,0.1399020116942526
SG_005518,0.16517433598696363
SG_005519,0.2199211346770651
SG_005524,0.1624431838194727
SG_005529,0.15445446467757012
SG_005530,0.15993543929300624
SG_005531,0.1737142750446662
SG_005532,0.13884263906927743
SG_005534,0.14274879555561287
SG_005535,0.180952179659311
SG_005541,0.1593280556607171
SG_005542,0.200333982705465
SG_005550,0.12792912890694622
SG_005555,0.16292784255705087
SG_005557,0.14596706152578706
SG_005565,0.15861634354115023
SG_005569,0.14587313391222645
SG_005572,0.14078292038504395
SG_005575,0.12651799607806666
SG_005579,0.2532928927246267
SG_005580,0.2060241656711278
SG_005583,0.12790007661451755
SG_005591,0.1924317071162825
SG_005592,0.14562917480527168
SG_005593,0.13796526768207443
SG_005594,0.16000777579511133
SG_005599,0.18194558231805458
SG_005603,0.21339207530285825
SG_005606,0.16673162347105258
SG_005611,0.16154300761991505
SG_005615,0.2285406848418741
SG_005622,0.18617321066699694
SG_005625,0.18611405653222163
SG_005630,0.13630631195100618
SG_005634,0.17934225036286228
SG_005635,0.17274304974958943
SG_005636,0.22596635512738597
SG_005638,0.16414396864597453
SG_005640,0.15042845975275604
SG_005643,0.1577808219070363
SG_005644,0.12942775476588264
SG_005645,0.17110268244396445
SG_005650,0.1849601726937538
SG_005654,0.25859859192295476
SG_005655,0.10705738871619035
SG_005656,0.1655977261667598
SG_005661,0.2358033460308577
SG_005664,0.11552239114100088
SG_005666,0.16941322458162128
SG_005671,0.15100244214088077
SG_005681,0.19095121002245707
SG_005683,0.22482271022209405
SG_005687,0.17183806280207273
SG_005688,0.18572029845883342
SG_005691,0.16865519140444124
SG_005692,0.15655435081090796
SG_005693,0.21283723380837535
SG_005694,0.22121027511489616
SG_005696,0.1920261805606404
SG_005703,0.14531496845422961
SG_005704,0.18968049483621824
SG_005706,0.21472417262574367
SG_005707,0.23249802405342615
SG_005713,0.12334269641219785
SG_005715,0.1407688103131601
SG_005719,0.12775954283501803
SG_005722,0.11152708729427196
SG_005724,0.18357971231876796
SG_005725,0.1721860224653496
SG_005726,0.12161317206051006
SG_005730,0.2376389108701059
SG_005735,0.14895116792145896
SG_005736,0.21416419134902887
SG_005740,0.20350804519364382
SG_005748,0.20968402450928458
SG_005750,0.14980410286995732
SG_005753,0.26831100498144167
SG_005758,0.12032130336023264
SG_005759,0.12645526559041748
SG_005764,0.1381400824598427
SG_005765,0.12044389146561804
SG_005772,0.15198662470307447
SG_005773,0.14352359397895886
SG_005776,0.15162983330291735
SG_005778,0.1519306485516272
SG_005784,0.1744570645604306
SG_005786,0.1477632893904834
SG_005789,0.16041895419410657
SG_005794,0.15924000280979134
SG_005796,0.14328403140592783
SG_005801,0.14077727824510694
SG_005807,0.1176202049110431
SG_005809,0.14792671429682452
SG_005811,0.15894515461482733
SG_005813,0.13319565908151831
SG_005814,0.18210475915885682
SG_005817,0.1360281642230658
SG_005818,0.16217898615617468
SG_005820,0.10832727205805229
SG_005821,0.20612256440065982
SG_005824,0.11438725927838111
SG_005825,0.17284275964311185
SG_005827,0.15011761410754765
SG_005828,0.2281366805661968
SG_005830,0.13784298657512112
SG_005838,0.251225905156277
SG_005840,0.18643719627995858
SG_005842,0.1710490683608629
SG_005846,0.15821541290778818
SG_005847,0.11697083447617715
SG_005848,0.21255424114257188
SG_005857,0.257308025849638
SG_005861,0.1514161518706643
SG_005862,0.181341799883666
SG_005871,0.16520315139871322
SG_005872,0.1794740258556318
SG_005873,0.15639184778044965
SG_005874,0.15849607300969032
SG_005875,0.18438524319700667
SG_005877,0.16595602382301902
SG_005880,0.12764420186330522
SG_005884,0.15207181100458034
SG_005892,0.18549737758367485
SG_005894,0.16320110707341492
SG_005898,0.1758275597117762
SG_005899,0.1910174773327435
SG_005905,0.18964159568380848
SG_005909,0.12203657703289894
SG_005910,0.16453967394710328
SG_005920,0.19945951388892466
SG_005921,0.27888241660684854
SG_005922,0.17398472819706817
SG_005925,0.21548429946393893
SG_005928,0.147496205525209
SG_005932,0.12719207683240158
SG_005934,0.19778629605606052
SG_005935,0.11595187735023735
SG_005937,0.16478307455346378
SG_005939,0.14882172421939943
SG_005943,0.19553123974987294
SG_005951,0.12490262313098534
SG_005955,0.2195052210006921
SG_005959,0.25191184290768975
SG_005966,0.15259410204984025
SG_005967,0.24651609152345272
SG_005969,0.25610400180433784
SG_005976,0.20426179458008276
SG_005977,0.1778754216197193
SG_005979,0.1845181194033182
SG_005980,0.16590881348160413
SG_005985,0.16152304044131288
SG_005986,0.26130555177589765
SG_005991,0.24616699247504892
SG_005999,0.1358930149818462
SG_006000,0.16932042265160036
SG_006004,0.18081223902581328
SG_006009,0.1878751726238479
SG_006012,0.1434274511703105
SG_006013,0.1550898088900536
SG_006022,0.18105697162823997
SG_006023,0.14263607435381467
SG_006026,0.17307116771800524
SG_006028,0.16959672956580388
SG_006029,0.1702705606975093
SG_006033,0.16926031011265852
SG_006035,0.11123449627090438
SG_006036,0.13680969146371436
SG_006038,0.18711009231492748
SG_006039,0.2796407173851029
SG_006041,0.14728116118652532
SG_006047,0.18703634414054168
SG_006049,0.14855299196173055
SG_006050,0.17870186220587533
SG_006054,0.13843526722723262
SG_006063,0.15602773910996678
SG_006067,0.2455776339236604
SG_006069,0.2850241177047419
SG_006073,0.12091405099924507
SG_006074,0.12368629814053894
SG_006075,0.11301580034167275
SG_006076,0.1586788495331238
SG_006077,0.20282895165307796
SG_006079,0.2536501608481405
SG_006081,0.14912693053078013
SG_006086,0.12670976851441185
SG_006092,0.14589158798065283
SG_006095,0.17192643467602828
SG_006097,0.15335175354847647
SG_006099,0.20068482306085839
SG_006101,0.17078006638025944
SG_006112,0.21398653249653068
SG_006122,0.18250328087946932
SG_006127,0.21468112134193884
SG_006131,0.1595145442576616
SG_006133,0.19088172563814934
SG_006136,0.14848624122196863
SG_006137,0.16607419901851606
SG_006140,0.17957460555568794
SG_006143,0.18005969331926314
SG_006148,0.13916599566436422
SG_006150,0.15691164456603285
SG_006151,0.19785517922333268
SG_006154,0.11821755795086598
SG_006161,0.13866964084567035
SG_006163,0.16277678725986552
SG_006169,0.13930210434859486
SG_006170,0.15046713363070124
SG_006179,0.13333858573571308
SG_006181,0.1578894070669543
SG_006184,0.1521737921385547
SG_006187,0.12834084389749756
SG_006189,0.19247743422669888
SG_006197,0.14529480303731163
SG_006202,0.159144175729308
SG_006206,0.1275863098903772
SG_006212,0.18824123423493672
SG_006213,0.20688557720637446
SG_006218,0.16352427168240166
SG_006222,0.17572639150224295
SG_006224,0.15960819833758458
SG_006225,0.2584516191323899
SG_006226,0.2716494979911154
SG_006229,0.11781681952249545
SG_006237,0.18444168681614098
SG_006238,0.11323002163220175
SG_006240,0.13000328209350276
SG_006241,0.13457474385086216
SG_006242,0.16379272240892595
SG_006244,0.15752917226737762
SG_006245,0.14140788597639228
SG_006247,0.15652296819448583
SG_006250,0.14674063009862623
SG_006251,0.16752581346296158
SG_006252,0.17603785306779013
SG_006254,0.19204647660373436
SG_006256,0.23145911032700778
SG_006260,0.2149616554525725
SG_006262,0.17890854026542963
SG_006263,0.13545850230522818
SG_006264,0.13884574838678898
SG_006266,0.3177610435131315
SG_006269,0.17240434082360692
SG_006275,0.25699381073983596
SG_006277,0.14497145701616032
SG_006283,0.15281611014968433
SG_006284,0.13290999603508336
SG_006287,0.13514423654883279
SG_006288,0.14559549211589692
SG_006300,0.1700175594690852
SG_006301,0.15584643400219755
SG_006304,0.12965699968242178
SG_006306,0.16658617766170175
SG_006313,0.14187387183380784
SG_006315,0.18379576661098979
SG_006317,0.17814237979486264
SG_006320,0.19018862339116976
SG_006322,0.17060547291139533
SG_006326,0.1568861616742493
SG_006328,0.18349728264975262
SG_006331,0.14245519818396923
SG_006337,0.18693331476846906
SG_006340,0.16628043560922218
SG_006345,0.17452283455750378
SG_006348,0.13380192117782783
SG_006349,0.16492124850617984
SG_006356,0.16950168595136755
SG_006357,0.18686247689358532
SG_006358,0.14247495928067014
SG_006360,0.218774623580355
SG_006371,0.1671896265172725
SG_006373,0.17791248615159128
SG_006380,0.19969055916604078
SG_006382,0.12503001274610426
SG_006388,0.11802918567162156
SG_006393,0.1860539601560878
SG_006394,0.1307635147957338
SG_006396,0.11056175339370375
SG_006398,0.14864458491947027
SG_006400,0.1860286235094173
SG_006403,0.14279977078368206
SG_006404,0.137694845360966
SG_006411,0.15681264694160957
SG_006417,0.21642442207969537
SG_006418,0.18650013932720905
SG_006420,0.21452688677602524
SG_006421,0.12287033151847894
SG_006423,0.13124695075609355
SG_006424,0.16493348348609302
SG_006429,0.1664868512157231
SG_006435,0.13459073102732735
SG_006438,0.15075286075897087
SG_006439,0.15462431576384827
SG_006441,0.11049736894371517
SG_006445,0.1573580286735355
SG_006446,0.160676409154743
SG_006448,0.20441409179444772
SG_006451,0.15347432774274317
SG_006452,0.2069573376923296
SG_006455,0.17536874017598256
SG_006463,0.17711242981289638
SG_006467,0.13962346704552583
SG_006469,0.16529325872850922
SG_006470,0.15968558806677752
SG_006477,0.14427417186860114
SG_006480,0.21366177404697606
SG_006486,0.12593775416690092
SG_006487,0.1356886298752907
SG_006488,0.2148873621988296
SG_006490,0.21626381513092194
SG_006491,0.14924408065137493
SG_006493,0.16898426950010093
SG_006494,0.1948603501477396
SG_006496,0.1417659745547299
SG_006497,0.20671125117344596
SG_006498,0.17219438270317744
SG_006500,0.1765719798058923
SG_006502,0.14625687833282974
SG_006503,0.16708828960634117
SG_006505,0.25828052874967644
SG_006506,0.24040801773351675
SG_006507,0.14995523504690314
SG_006512,0.1447751632660547
SG_006516,0.16881959364091131
SG_006520,0.14626925713191066
SG_006522,0.14978085389669676
SG_006528,0.17447835721150065
SG_006534,0.14588633010262345
SG_006535,0.1451941489623198
SG_006536,0.15100448156735638
SG_006537,0.14879697877586395
SG_006539,0.17144092387357054
SG_006541,0.15116858066543978
SG_006543,0.22638579746832327
SG_006545,0.20852229386210844
SG_006548,0.15651332944157356
SG_006550,0.15392820394442294
SG_006551,0.12892133394764593
SG_006557,0.1579290773596308
SG_006560,0.13113018453705785
SG_006564,0.28473812700017437
SG_006566,0.16611277992374013
SG_006567,0.18088939081397737
SG_006577,0.14799281057523372
SG_006579,0.14964459490441193
SG_006581,0.130401243961641
SG_006588,0.131746003412745
SG_006592,0.18535389462837903
SG_006597,0.11239561603392056
SG_006601,0.14753055018529876
SG_006607,0.11646220429299357
SG_006608,0.16194922212334223
SG_006610,0.14197755671706214
SG_006615,0.1745144974594809
SG_006616,0.15450948821805013
SG_006620,0.15151189090963738
SG_006622,0.14552994283178367
SG_006623,0.18659699215006376
SG_006624,0.16746620620832237
SG_006626,0.1680685917536906
SG_006627,0.26177873544494196
SG_006633,0.1539130800087409
SG_006637,0.14312868421708969
SG_006638,0.1553059921957864
SG_006639,0.18025762225306902
SG_006644,0.17010790256115565
SG_006645,0.19492914413802892
SG_006651,0.16502231170101658
SG_006659,0.14785058068509618
SG_006664,0.15260421886670245
SG_006668,0.13703447519569512
SG_006673,0.13312102721183133
SG_006687,0.16927913212391887
SG_006688,0.17283543654366246
SG_006690,0.20644507173878374
SG_006693,0.21619370206215685
SG_006698,0.12516238167198107
SG_006700,0.14785410896564172
SG_006706,0.1458239513382593
SG_006710,0.1442707896818724
SG_006713,0.16334425801587826
SG_006716,0.1778545953472148
SG_006728,0.14120490246095563
SG_006734,0.18979320921982157
SG_006736,0.17609648491149418
SG_006744,0.18181822469266612
SG_006745,0.17565447451820054
SG_006749,0.15442888206699096
SG_006758,0.15758694956155322
SG_006760,0.1677725577056168
SG_006765,0.1524157082425891
SG_006766,0.22836767120159157
SG_006769,0.20622802596163958
SG_006778,0.16146656580281513
SG_006780,0.13507052762085395
SG_006781,0.16127435188137074
SG_006786,0.18273145291195758
SG_006789,0.18057518486852542
SG_006792,0.25769537346249105
SG_006793,0.12477369519698572
SG_006800,0.19513665101226324
SG_006802,0.1636487526365326
SG_006808,0.14231367595008165
SG_006820,0.15255752827300195
SG_006833,0.15977290192436872
SG_006835,0.16006275540718312
SG_006837,0.17539819624485764
SG_006841,0.1425892152880756
SG_006847,0.17304547358542088
SG_006848,0.15422427661636456
SG_006851,0.156347306834413
SG_006852,0.197594823530174
SG_006860,0.14886241913268777
SG_006861,0.14267319118484553
SG_006863,0.14188007532034422
SG_006866,0.16854882088861245
SG_006868,0.17899754075724184
SG_006874,0.1464253339098286
SG_006877,0.1618667428153724
SG_006879,0.15655590654753657
SG_006880,0.11643667062713838
SG_006881,0.1677939891090712
SG_006889,0.11118610722671707
SG_006890,0.2789548046336149
SG_006897,0.2758655579089193
SG_006901,0.18681137193986858
SG_006908,0.159096022464344
SG_006910,0.14332810001177101
SG_006914,0.1916149740005549
SG_006918,0.1518178586379011
SG_006924,0.14968975637628054
SG_006925,0.1624966037844752
SG_006927,0.2093264857200236
SG_006929,0.15686320408748083
SG_006937,0.1880806773973636
SG_006938,0.13673373194611763
SG_006940,0.16731047713144048
SG_006942,0.1315987286474312
SG_006945,0.12309450999082772
SG_006949,0.17699290203052598
SG_006950,0.24204217732792838
SG_006951,0.18220745997070575
SG_006953,0.12020687706789943
SG_006954,0.13725423468856154
SG_006956,0.21108177701417932
SG_006957,0.23871756105234238
SG_006962,0.15934239179998627
SG_006963,0.11872320720564081
SG_006964,0.144267721023602
SG_006966,0.12139630988751574
SG_006970,0.17090492933992993
SG_006971,0.1798766628910255
SG_006972,0.13900736491806356
SG_006974,0.2651271291013002
SG_006977,0.1714233131861309
SG_006978,0.11602977154249239
SG_006981,0.20205499917163156
SG_006982,0.28947414823421563
SG_006983,0.12213400551406967
SG_006984,0.12842692772514452
SG_006987,0.17493196314472814
SG_006994,0.15199617509311278
SG_006997,0.12095513572412296
SG_007002,0.17163152414064137
SG_007005,0.2124351348133127
SG_007009,0.2075925685130372
SG_007011,0.183887647629587
SG_007017,0.11254344574813974
SG_007018,0.11548328009606024
SG_007019,0.14988650241354218
SG_007029,0.19194290677747627
SG_007030,0.12278967762697693
SG_007033,0.19364554696486735
SG_007040,0.17241219979792424
SG_007047,0.23389879567873062
SG_007054,0.11869692746765642
SG_007055,0.20148287271563786
SG_007056,0.15970817120029812
SG_007061,0.12889731690252898
SG_007062,0.16266178162067368
SG_007067,0.18214951613749655
SG_007068,0.18745915646837785
SG_007069,0.23250295150949535
SG_007073,0.12275232961817034
SG_007075,0.19740862350889174
SG_007076,0.13038161740533527
SG_007078,0.20972151101337497
SG_007080,0.14898828010630993
SG_007091,0.15063991972614846
SG_007095,0.17434136846068704
SG_007100,0.16833373125633355
SG_007104,0.1880832516947583
SG_007112,0.1511717374510373
SG_007114,0.17274194013185287
SG_007127,0.13843639350033016
SG_007130,0.15009124536148516
SG_007133,0.16932779941778014
SG_007136,0.1626520409952727
SG_007138,0.16839276600930456
SG_007139,0.15787290825974165
SG_007143,0.1578037035626939
SG_007146,0.17116200490620825
SG_007150,0.15327815699653094
SG_007155,0.15867666676095088
SG_007157,0.1782888362266825
SG_007160,0.19279689641988373
SG_007162,0.16355497725241802
SG_007163,0.16061870752672425
SG_007166,0.1519864928934097
SG_007168,0.14510386473065987
SG_007170,0.21827352386933288
SG_007179,0.13573885031144792
SG_007181,0.14717090950928963
SG_007183,0.1937188990990188
SG_007186,0.11332191529222238
SG_007202,0.1768472189550159
SG_007203,0.16553184112973202
SG_007204,0.1692015011605433
SG_007205,0.20546293268457153
SG_007210,0.20614881888196357
SG_007212,0.18520771997918387
SG_007215,0.12416168403337799
SG_007218,0.1998362463602405
SG_007226,0.1238180811762367
SG_007229,0.16158811001712606
SG_007231,0.16487728635710744
SG_007234,0.1702517445611666
SG_007237,0.2702303119676477
SG_007239,0.16509946405655596
SG_007240,0.24909941800798424
SG_007249,0.1810479778528319
SG_007252,0.13479167158409142
SG_007255,0.1325598515052361
SG_007256,0.21977570790561263
SG_007257,0.1964296354460433
SG_007263,0.16040187912577364
SG_007264,0.13885992391674984
SG_007265,0.17198536711360185
SG_007268,0.18150719711306412
SG_007271,0.15525437421797444
SG_007275,0.17280394111654
SG_007280,0.19113407819683642
SG_007281,0.16029728855832262
SG_007282,0.15272667046966745
SG_007283,0.14137857398565723
SG_007287,0.14641793405824613
SG_007288,0.18376944829487285
SG_007301,0.2306361275293346
SG_007307,0.1506871874608013
SG_007310,0.1488459909829
SG_007312,0.17068285312966455
SG_007314,0.18100543643976635
SG_007319,0.16332393126253256
SG_007326,0.187816487906119
SG_007331,0.12341054627901418
SG_007333,0.16879988849293187
SG_007334,0.17101533521567552
SG_007338,0.15548529165649014
SG_007340,0.19812198476357218
SG_007345,0.1396979562037795
SG_007349,0.20537064054066906
SG_007356,0.15751158959662537
SG_007358,0.1233589734809217
SG_007368,0.14371381064844865
SG_007370,0.14289654446814837
SG_007371,0.19182538114182285
SG_007372,0.17085597505345418
SG_007375,0.18307628570231493
SG_007378,0.1370154231429355
SG_007379,0.15605920856361452
SG_007380,0.21902965414933623
SG_007383,0.13488026574649176
SG_007384,0.18130487092825892
SG_007389,0.16265253285220266
SG_007390,0.16162411022878453
SG_007401,0.22161088433015264
SG_007403,0.1892533386604019
SG_007406,0.15839323077976217
SG_007409,0.196972884087711
SG_007410,0.1869723706501495
SG_007413,0.16190144921980473
SG_007416,0.1977703358285954
SG_007419,0.1689096344200417
SG_007420,0.18440284344046198
SG_007423,0.15405353534151703
SG_007424,0.2236530015961112
SG_007428,0.16704588053410263
SG_007433,0.14969727287846002
SG_007434,0.12330412474962506
SG_007437,0.13588840318743295
SG_007441,0.21438358214891504
SG_007443,0.23917768140878942
SG_007450,0.14158372198160035
SG_007452,0.21388551663591596
SG_007455,0.1255667564291813
SG_007462,0.14690172792343714
SG_007464,0.1745403022014805
SG_007466,0.1498526665035762
SG_007469,0.1666986757028417
SG_007470,0.29868059384620915
SG_007472,0.14103484268002173
SG_007476,0.1987758438433344
SG_007486,0.23021574583539883
SG_007489,0.18661143502988986
SG_007490,0.1514060716923624
SG_007495,0.20464156448162518
SG_007499,0.1764569175068694
SG_007506,0.12064224157446735
SG_007508,0.18892095982345675
SG_007509,0.12734667930634844
SG_007517,0.15137730084864923
SG_007518,0.17344698158884345
SG_007522,0.20116770820767949
SG_007524,0.22152569875358663
SG_007527,0.1426733865431839
SG_007535,0.14513189723794928
SG_007540,0.22336914205918895
SG_007546,0.2034991310036493
SG_007552,0.2182553408189759
SG_007553,0.17646781550483245
SG_007557,0.16839766148861232
SG_007558,0.19695914816053123
SG_007560,0.18534446602324198
SG_007568,0.1276957298613637
SG_007571,0.21319326769712077
SG_007573,0.14579905360292858
SG_007577,0.12851545285346044
SG_007578,0.17039553960503193
SG_007579,0.12267359464242186
SG_007582,0.22263773920473093
SG_007586,0.12179033509633724
SG_007587,0.16919400444785831
SG_007589,0.14461290939982807
SG_007591,0.11627981312259253
SG_007595,0.13243284392446825
SG_007597,0.17716811119579653
SG_007599,0.15680685973728314
SG_007602,0.16476851230403639
SG_007605,0.14093504203404986
SG_007609,0.15143670727929565
SG_007614,0.19940527358861787
SG_007620,0.1480250300859791
SG_007628,0.19914226168599697
SG_007630,0.14339467717500462
SG_007646,0.18879236599855193
SG_007648,0.20558220705777663
SG_007654,0.15154218486688908
SG_007655,0.15216590139800593
SG_007656,0.2964713916596101
SG_007657,0.16139387347534884
SG_007658,0.1531113917756144
SG_007659,0.20953781501924607
SG_007660,0.1798480675725221
SG_007663,0.1827816704728994
SG_007665,0.2530129549412218
SG_007667,0.14064403445762874
SG_007670,0.1650975151861246
SG_007678,0.11685435354017312
SG_007679,0.26114830815333157
SG_007681,0.14736776285532985
SG_007685,0.15210462127715374
SG_007686,0.15485622520431525
SG_007687,0.15991358510121897
SG_007688,0.15570076134062055
SG_007691,0.11977154563241615
SG_007696,0.15314577822898004
SG_007698,0.14556504420385732
SG_007700,0.1683176768302976
SG_007703,0.12929675867557955
SG_007704,0.14662662552325367
SG_007706,0.16405382387770082
SG_007711,0.17083047659346656
SG_007712,0.16299981075954095
SG_007714,0.12507051184197562
SG_007717,0.23682477609995767
SG_007719,0.15141675820919331
SG_007720,0.16999854820766092
SG_007721,0.1575665344041033
SG_007728,0.15922176634310586
SG_007737,0.20011661278709825
SG_007741,0.14036902446675958
SG_007742,0.15254255550805645
SG_007744,0.15781869146481614
SG_007746,0.17704854589201147
SG_007748,0.15377874369422093
SG_007750,0.1291384316976899
SG_007751,0.1273175664037277
SG_007752,0.13858586338703505
SG_007758,0.27201234176038375
SG_007760,0.18216366818446966
SG_007762,0.26484047941447414
SG_007770,0.16246802209874478
SG_007772,0.19329196625652673
SG_007776,0.12371536351388496
SG_007780,0.18250669843902906
SG_007781,0.1570846662534639
SG_007782,0.14269124544753453
SG_007787,0.20588185357087485
SG_007800,0.1708766421643439
SG_007801,0.152277170077699
SG_007804,0.14888643927547068
SG_007805,0.18860774343851766
SG_007807,0.15670815671789118
SG_007808,0.21707799145421894
SG_007813,0.17430555855801702
SG_007815,0.10426725838441686
SG_007817,0.1964715232066607
SG_007818,0.15540891016833153
SG_007820,0.15183359835171445
SG_007822,0.18795784491168155
SG_007823,0.1840406873735769
SG_007824,0.13428198327198337
SG_007834,0.15199557318750878
SG_007836,0.12975821164493062
SG_007839,0.14812216271710985
SG_007842,0.11278127743110943
SG_007844,0.16814742896819176
SG_007846,0.1361142865812861
SG_007849,0.13789799977332062
SG_007858,0.18950522021365607
SG_007864,0.2153143805237384
SG_007866,0.14908843179302184
SG_007875,0.20179498843485028
SG_007876,0.16535845010889613
SG_007880,0.15932846690636987
SG_007884,0.1722723927522903
SG_007889,0.204688842642899
SG_007892,0.16902124717399603
SG_007897,0.15819532976682793
SG_007898,0.16292378019579673
SG_007899,0.14666087070378414
SG_007901,0.19530632233360035
SG_007908,0.20910297497291408
SG_007910,0.14004337876944062
SG_007922,0.12825008030861568
SG_007923,0.13875466398544697
SG_007926,0.25023805787726455
SG_007931,0.20835537908675983
SG_007933,0.14863166270513248
SG_007939,0.22658375672444797
SG_007940,0.15183137557424226
SG_007946,0.15637374331994153
SG_007947,0.15736888547057953
SG_007948,0.18096039252716037
SG_007954,0.16081321929290743
SG_007957,0.11958797088502301
SG_007960,0.17736009186516744
SG_007964,0.17460631970532633
SG_007965,0.18289618130126958
SG_007980,0.2146355883636706
SG_007985,0.17118331435107556
SG_007992,0.12215066595200963
SG_007996,0.14908330562768723
SG_007998,0.12214760308167424
SG_007999,0.11989063525870913
SG_008014,0.13761436919622078
SG_008015,0.14335306050744998
SG_008020,0.14999372140995942
SG_008026,0.13673623205690702
SG_008033,0.16997775548294405
SG_008043,0.18584788543794312
SG_008050,0.1677875529819256
SG_008055,0.17465849784139606
SG_008056,0.2821759165626126
SG_008058,0.21875190676502942
SG_008067,0.17287750230082863
SG_008074,0.21177535235600423
SG_008076,0.14897092098922488
SG_008081,0.1969033256710721
SG_008091,0.1270884221966391
SG_008099,0.14972483204106393
SG_008100,0.14525564361986057
SG_008101,0.10606921173769263
SG_008104,0.17675185632250648
SG_008115,0.1978015311569658
SG_008117,0.14869320930218793
SG_008118,0.17852046612094397
SG_008127,0.1806685092673344
SG_008131,0.1576520508501321
SG_008133,0.2216108293926969
SG_008137,0.19614391023335656
SG_008140,0.16993320510043197
SG_008141,0.2406715163522924
SG_008145,0.13844425907383975
SG_008152,0.12870983106101835
SG_008156,0.15742247644307955
SG_008160,0.12512281628818428
SG_008164,0.20932842330208978
SG_008167,0.1910976038114561
SG_008175,0.15853737692295158
SG_008176,0.26593263947033374
SG_008183,0.19519889909107263
SG_008188,0.16104256727375305
SG_008191,0.14315190249454682
SG_008192,0.1589368754557546
SG_008193,0.12073691007783938
SG_008195,0.18144284971296643
SG_008202,0.19085638047861722
SG_008213,0.18564243117768162
SG_008217,0.28075888002353283
SG_008224,0.15648460097730715
SG_008228,0.21109701067811504
SG_008229,0.11072602921290206
SG_008237,0.1378679553631964
SG_008242,0.11437259976985362
SG_008246,0.18671514027201408
SG_008248,0.15874823335264446
SG_008249,0.19079210982428196
SG_008253,0.1997822740843831
SG_008257,0.1561773839721816
SG_008261,0.21861876092467747
SG_008264,0.19706528968791515
SG_008265,0.15841569969581684
SG_008281,0.1415020042274625
SG_008283,0.17664952337065226
SG_008287,0.18581871415952933
SG_008291,0.26453269415154873
SG_008293,0.15252117541496987
SG_008294,0.13762131341350514
SG_008296,0.1717334983949592
SG_008298,0.1469728647481634
SG_008309,0.21009370465238703
SG_008310,0.13207763345561851
SG_008312,0.15440532737969956
SG_008316,0.2000777781663262
SG_008317,0.11134771659663839
SG_008318,0.16241869188390629
SG_008327,0.1105343179801449
SG_008330,0.16735135155146957
SG_008333,0.11287435980782208
SG_008336,0.16580957033896548
SG_008345,0.18442090201325478
SG_008347,0.12205325798397496
SG_008355,0.1966469065926877
SG_008358,0.1356699781704826
SG_008359,0.2442680929429267
SG_008360,0.15883440363232565
SG_008361,0.13858783112306763
SG_008362,0.17731928983455508
SG_008365,0.15180550770376028
SG_008366,0.17026897786119377
SG_008375,0.16215120466964544
SG_008376,0.1881075479949599
SG_008382,0.12903072784056172
SG_008383,0.16348774880218211
SG_008388,0.17181249616437522
SG_008389,0.20552106479835855
SG_008392,0.14563225815929332
SG_008396,0.13806992138349336
SG_008402,0.1394650532213528
SG_008410,0.18744978295449854
SG_008413,0.15983637481463459
SG_008417,0.1887293027174776
SG_008420,0.22642878788952273
SG_008422,0.14387643468622552
SG_008435,0.21081030015506297
SG_008440,0.13313190635595643
SG_008441,0.22452387556692238
SG_008442,0.15780337455738858
SG_008443,0.1445362113824457
SG_008444,0.12058998352376729
SG_008449,0.16772888157494212
SG_008452,0.1776254389685713
SG_008457,0.18924435416987503
SG_008459,0.1727135645013731
SG_008462,0.1649597981603963
SG_008467,0.24192511291855162
SG_008468,0.17125698582253301
SG_008478,0.12095125786205846
SG_008482,0.24078531610141413
SG_008484,0.2039323609210842
SG_008485,0.1312752575056987
SG_008494,0.19039483655403214
SG_008497,0.14924254136199436
SG_008498,0.1371456241797541
SG_008500,0.24427658193789686
SG_008501,0.2084271475698838
SG_008504,0.11867261706131785
SG_008506,0.1968333372288438
SG_008512,0.2375069152031246
SG_008514,0.26459227025461757
SG_008517,0.19302908553260567
SG_008522,0.1779164069070478
SG_008527,0.16169937116303712
SG_008529,0.21449623231812617
SG_008531,0.10986750286350123
SG_008534,0.27989745359339374
SG_008535,0.198940409664219
SG_008536,0.13951230683874066
SG_008538,0.21436703245766303
SG_008541,0.15843857500781972
SG_008542,0.15260737111113598
SG_008545,0.23441970057702718
SG_008547,0.13796725316434735
SG_008549,0.24288042969217383
SG_008550,0.17206498471288026
SG_008551,0.14798669070154907
SG_008553,0.14042224278106816
SG_008555,0.15020655320982387
SG_008557,0.1821764449973162
SG_008561,0.13538378444441976
SG_008564,0.15330436134331146
SG_008565,0.19354981034178254
SG_008568,0.16043978523716984
SG_008569,0.15718777267409625
SG_008570,0.16757084422309704
SG_008572,0.16347454664483824
SG_008574,0.16951066413720012
SG_008575,0.23760465269828732
SG_008576,0.11226927282007015
SG_008577,0.17270664293344073
SG_008580,0.15614505817074964
SG_008586,0.17402954533635
SG_008594,0.18023241229738957
SG_008598,0.12951029709798156
SG_008600,0.18571653860300458
SG_008614,0.1507747941935688
SG_008615,0.17142400314049716
SG_008617,0.15391870467772484
SG_008624,0.18364001523841741
SG_008630,0.1743010633339294
SG_008635,0.14412407042418662
SG_008636,0.14604187844652297
SG_008639,0.23538637085144692
SG_008645,0.15104744994214203
SG_008646,0.12211685688272089
SG_008650,0.1716165422143561
SG_008653,0.19148307163649494
SG_008669,0.1869580789301267
SG_008671,0.19036249350167
SG_008689,0.2256957599020199
SG_008691,0.21610133295471315
SG_008693,0.2085676746884515
SG_008708,0.13674585908733372
SG_008714,0.1830098872206996
SG_008726,0.1436248603460339
SG_008727,0.2569049979948373
SG_008729,0.14495473776565745
SG_008734,0.23536949548129138
SG_008735,0.24208981147374248
SG_008737,0.22355717606900782
SG_008739,0.11016029529805935
SG_008745,0.24871204461017257
SG_008749,0.15174902657173495
SG_008755,0.17572971440475857
SG_008759,0.15084162162561301
SG_008766,0.141823514586843
SG_008769,0.15922019313461117
SG_008770,0.16593872783279529
SG_008771,0.1423946568263689
SG_008773,0.1989760159045605
SG_008774,0.19845715471467656
SG_008776,0.12644748899497085
SG_008777,0.20220996561382168
SG_008780,0.1491859933182248
SG_008782,0.1270029609276289
SG_008784,0.1773904083396608
SG_008785,0.16767885079367562
SG_008787,0.17810501109038887
SG_008789,0.14394907238745155
SG_008793,0.18224251063374206
SG_008798,0.1297415321039118
SG_008810,0.2180227134025891
SG_008816,0.2005755679427364
SG_008823,0.16923023010339794
SG_008824,0.11384302031174715
SG_008825,0.16252707555207396
SG_008828,0.18304396644727441
SG_008836,0.11611834123684597
SG_008839,0.1907873042185234
SG_008840,0.11159711871612636
SG_008841,0.1361898186816611
SG_008843,0.20195237561056179
SG_008844,0.18012936849832714
SG_008845,0.14738778605484523
SG_008849,0.17756315733187428
SG_008850,0.19442866091864192
SG_008853,0.1892616829818476
SG_008855,0.16507174580405154
SG_008859,0.17197570879694185
SG_008862,0.15252911426570326
SG_008864,0.1369353776157795
SG_008865,0.1405680332951977
SG_008866,0.10996644580936689
SG_008867,0.282323271798075
SG_008869,0.16268243461492005
SG_008876,0.14913998544277868
SG_008881,0.16854925911409768
SG_008883,0.10962066884267364
SG_008888,0.13229496243462746
SG_008889,0.19916149382329104
SG_008895,0.1569473779767513
SG_008897,0.16173777795252467
SG_008901,0.15710303239362217
SG_008905,0.1111228400186389
SG_008907,0.12240055743848263
SG_008908,0.13162859767337526
SG_008910,0.1675039731703362
SG_008913,0.1953392331107142
SG_008914,0.1597319106178938
SG_008917,0.15786840371563318
SG_008919,0.16367657750669953
SG_008920,0.18098355782102277
SG_008925,0.18851647330847063
SG_008926,0.1501941843726101
SG_008927,0.13976375124422086
SG_008930,0.19667036214608707
SG_008932,0.14936070794916403
SG_008934,0.18264513319393966
SG_008937,0.13233648906791468
SG_008940,0.1345756642250133
SG_008943,0.16464109630432572
SG_008947,0.11657199148908778
SG_008955,0.14924414453832263
SG_008960,0.2136422525822268
SG_008962,0.12327066826671745
SG_008964,0.123571749858089
SG_008965,0.11018482720673631
SG_008966,0.15672398801165993
SG_008971,0.1572477358901232
SG_008972,0.1164291573898518
SG_008976,0.16120224715825046
SG_008978,0.1462789702770653
SG_008983,0.1546333598965464
SG_008989,0.2711840194648494
SG_008990,0.14515613906200728
SG_008994,0.1715108291832591
SG_008996,0.19680465044862022
SG_008998,0.1260404651798578
SG_008999,0.13707840487656542
SG_009001,0.18759379255958908
SG_009005,0.17860893846153955
SG_009006,0.13600540611678547
SG_009011,0.18960488021962418
SG_009017,0.135036589843176
SG_009018,0.13321830839698837
SG_009032,0.14203701255977996
SG_009034,0.1467407874791636
SG_009043,0.17861014308937045
SG_009047,0.14985724524892438
SG_009048,0.17957623239077342
SG_009053,0.16319106774970776
SG_009055,0.16864743063913745
SG_009058,0.14843401578354506
SG_009063,0.21026025356090355
SG_009064,0.17936601164836394
SG_009065,0.21191408583281635
SG_009069,0.14108189905596025
SG_009070,0.12560911886414283
SG_009072,0.1730239192502076
SG_009075,0.16443077208922324
SG_009079,0.1660082593005583
SG_009080,0.18376745085742466
SG_009081,0.15536804002941534
SG_009083,0.15093041342882743
SG_009085,0.11823437133258126
SG_009091,0.21568753739822846
SG_009093,0.14653005342627512
SG_009100,0.12570840660308463
SG_009109,0.16158883681169436
SG_009115,0.2037172740013473
SG_009119,0.16757358348282236
SG_009120,0.18361533868829294
SG_009123,0.19231010296826895
SG_009124,0.1364162550841697
SG_009127,0.14967906528847078
SG_009128,0.1507431231114693
SG_009135,0.20615069272783995
SG_009136,0.25049765010708586
SG_009139,0.19525103383921255
SG_009146,0.2986175961514564
SG_009147,0.1638693546761592
SG_009149,0.11928974713974622
SG_009150,0.18338872265545014
SG_009152,0.1714138564959788
SG_009153,0.1792972759118225
SG_009159,0.20153913648344968
SG_009168,0.19768024162259418
SG_009169,0.21059108369764645
SG_009170,0.13238860604257752
SG_009172,0.12137379609572735
SG_009176,0.14703328154295536
SG_009179,0.2138195974653359
SG_009183,0.15155964274565772
SG_009193,0.19051425718776993
SG_009196,0.1590114733994397
SG_009199,0.16092895286311099
SG_009202,0.17827609662609858
SG_009203,0.1414795316728617
SG_009204,0.12157780655558267
SG_009206,0.1393116592065376
SG_009207,0.20181202702152617
SG_009209,0.18179737587968245
SG_009210,0.18098842161619005
SG_009214,0.14449008644884875
SG_009220,0.195120561211843
SG_009223,0.16779836033757484
SG_009224,0.1515470086826033
SG_009225,0.12322206792650235
SG_009226,0.29973268413074455
SG_009229,0.17418793610419403
SG_009230,0.2066631969085288
SG_009236,0.18652126464311664
SG_009242,0.13261369824005448
SG_009246,0.244004386652408
SG_009250,0.15391700703548267
SG_009253,0.24730066064434658
SG_009266,0.2524603338203744
SG_009268,0.18097492207593985
SG_009272,0.18597988827925122
SG_009273,0.1449847827139523
SG_009274,0.1741536665013989
SG_009277,0.20260700715626823
SG_009278,0.1392562285934506
SG_009279,0.14118521530333963
SG_009280,0.14804431601542936
SG_009281,0.17108885875788027
SG_009289,0.17369609458557184
SG_009290,0.20179147007728437
SG_009299,0.13076846807187498
SG_009300,0.13373887980285104
SG_009305,0.12406850494804275
SG_009307,0.1856445846693693
SG_009319,0.1578277263173264
SG_009328,0.12487528862487146
SG_009333,0.14011143006101356
SG_009335,0.16428060493147345
SG_009341,0.1787292689025512
SG_009347,0.14166866538478057
SG_009354,0.16575966682942445
SG_009355,0.25939581006050216
SG_009357,0.14863263855797337
SG_009362,0.19481236624162968
SG_009363,0.22977374782554622
SG_009365,0.1487457162817062
SG_009366,0.1787581369642114
SG_009367,0.20477356114831125
SG_009370,0.18393056704858268
SG_009386,0.15989832606605586
SG_009392,0.15253538220130547
SG_009398,0.11135776577807484
SG_009400,0.14554661095142568
SG_009402,0.21693268655386408
SG_009403,0.1637774676299323
SG_009404,0.14168509821904332
SG_009406,0.1684652708600207
SG_009407,0.17551133090801677
SG_009408,0.11888586004016252
SG_009409,0.11943911245685261
SG_009410,0.2496963140372458
SG_009411,0.2590840983882378
SG_009412,0.15532835724360852
SG_009413,0.11464313237545812
SG_009415,0.16407785125341892
SG_009417,0.19891938188273153
SG_009419,0.11951323023674369
SG_009425,0.193749257882379
SG_009426,0.1525688927393611
SG_009427,0.15039666888683964
SG_009429,0.10302130709317778
SG_009434,0.18149523282746965
SG_009438,0.1565167988360644
SG_009441,0.1682626486616256
SG_009442,0.17465811507888224
SG_009444,0.22048781333969175
SG_009445,0.1749798814862128
SG_009446,0.12733855924553705
SG_009447,0.15044531778121925
SG_009449,0.18647968381936564
SG_009455,0.16229806382560147
SG_009458,0.21160264346726845
SG_009461,0.26191021121617725
SG_009462,0.210562784429732
SG_009466,0.174562651035718
SG_009473,0.14622530062960054
SG_009478,0.15798390695814052
SG_009479,0.1668623893709288
SG_009481,0.1275065516994392
SG_009485,0.12999739608548835
SG_009490,0.20744196999673203
SG_009496,0.15290498890052115
SG_009500,0.13737974339577916
SG_009502,0.2672169277915998
SG_009504,0.1967465270301214
SG_009505,0.16214073589599
SG_009516,0.14499182000953081
SG_009518,0.23154384725073057
SG_009519,0.18875979441840537
SG_009528,0.14235170299791483
SG_009529,0.1627456530284716
SG_009530,0.13291447850000904
SG_009533,0.23248843720068918
SG_009537,0.13391266664087406
SG_009539,0.1562668461810454
SG_009540,0.15443053406638557
SG_009541,0.20926623269470296
SG_009544,0.12220410751959368
SG_009556,0.2257341063913444
SG_009558,0.18683137094124075
SG_009566,0.16074930413715346
SG_009567,0.15605838064430028
SG_009569,0.13268840340687238
SG_009573,0.1643533325416831
SG_009577,0.11276492726210324
SG_009581,0.1674419868081489
SG_009582,0.16792552548711515
SG_009584,0.12502839674114413
SG_009585,0.19779525939047934
SG_009589,0.16575856872952136
SG_009592,0.13865251978147994
SG_009593,0.20644195709037771
SG_009602,0.15723499215814746
SG_009614,0.16489430117756015
SG_009616,0.17931782459555043
SG_009618,0.19973270022922912
SG_009619,0.1630237206464372
SG_009620,0.17613455825363683
SG_009622,0.11993344156076914
SG_009630,0.14342138172701271
SG_009632,0.13215791631130536
SG_009639,0.13722941682554457
SG_009649,0.18879153811593444
SG_009651,0.19133497626486937
SG_009661,0.11246099679586946
SG_009670,0.15163631324928756
SG_009671,0.2392532819685447
SG_009679,0.18702440755493857
SG_009681,0.11289337324035298
SG_009683,0.14835601143680952
SG_009687,0.23428852578194567
SG_009690,0.19749015574383316
SG_009691,0.2074376848096083
SG_009694,0.1802272531515492
SG_009696,0.19364647120580955
SG_009701,0.21980128866715418
SG_009702,0.15054770796287267
SG_009707,0.11849234270074921
SG_009716,0.12462830844845303
SG_009718,0.16679628748891662
SG_009727,0.14116679848855834
SG_009736,0.11585514247794748
SG_009741,0.15524821804522798
SG_009744,0.20814462510310544
SG_009746,0.16126803562575007
SG_009747,0.18816362281487095
SG_009751,0.17010934183947057
SG_009754,0.15405437689429088
SG_009757,0.10968202857540721
SG_009759,0.1549081653639032
SG_009760,0.21463474006811908
SG_009762,0.15866405027368463
SG_009763,0.17271041860489697
SG_009766,0.14041035935179874
SG_009776,0.18991643609632405
SG_009778,0.19801981234941973
SG_009780,0.25017849080822996
SG_009782,0.27269317592377745
SG_009783,0.14606261188249128
SG_009785,0.16944485232661183
SG_009786,0.17570553427761826
SG_009791,0.17664413177223892
SG_009794,0.11381813106129479
SG_009795,0.16340812506263525
SG_009799,0.18296499745141404
SG_009800,0.21005849211994237
SG_009814,0.2519217146296438
SG_009819,0.14062970390577756
SG_009824,0.15030943830961696
SG_009825,0.21156048295400673
SG_009829,0.15088262227139285
SG_009834,0.19576378597037752
SG_009837,0.20031613068210147
SG_009838,0.12015923193918138
SG_009843,0.1560934938824246
SG_009845,0.1857466542981635
SG_009851,0.16656121806743857
SG_009855,0.21433743776039826
SG_009856,0.1569723311518452
SG_009862,0.18590873434455057
SG_009865,0.1258735937047748
SG_009867,0.13395478516906464
SG_009868,0.1931525929513271
SG_009869,0.13267847271579075
SG_009870,0.1508835994623336
SG_009875,0.1983146570624107
SG_009876,0.1778288353701907
SG_009877,0.18903873576272476
SG_009878,0.24876973993498203
SG_009880,0.19124284171639827
SG_009881,0.1523282732956324
SG_009895,0.2401326557409831
SG_009905,0.18362563540559
SG_009909,0.19828108076390075
SG_009914,0.15362936131284557
SG_009916,0.15342394252181596
SG_009921,0.12630142449665085
SG_009923,0.20164434052141197
SG_009926,0.21776020157499015
SG_009929,0.21236321358356527
SG_009932,0.18522239672970212
SG_009933,0.1276475035629926
SG_009935,0.1489457601962334
SG_009936,0.15809184797336995
SG_009937,0.14538506554106176
SG_009941,0.15295691605247103
SG_009942,0.16721396108840175
SG_009953,0.25219688590325207
SG_009956,0.13829483178450477
SG_009959,0.1638921212209976
SG_009964,0.1489184929283464
SG_009972,0.164467827512971
SG_009977,0.1564612412449688
SG_009979,0.19580485158343924
SG_009982,0.1331134415083976
SG_009985,0.26399148752815194
SG_009987,0.11588895956659584
SG_009989,0.1719147628382374
SG_009993,0.17133746503993327
SG_009997,0.15440957688757467
SG_009999,0.1693869916370068
SG_010002,0.15414115036800802
SG_010007,0.15742008882219058
SG_010008,0.1391484192338356
SG_010009,0.12958341067937557
SG_010010,0.1511753789255516
SG_010011,0.14739787713792474
SG_010012,0.14275739704472895
SG_010014,0.15256764723884694
SG_010015,0.14004843945596854
SG_010019,0.1613257901748561
SG_010020,0.14125700833102256
SG_010021,0.13387183361273394
SG_010024,0.13871224221314854
SG_010025,0.1262896836761761
SG_010034,0.18955518378928454
SG_010037,0.13800455310484522
SG_010038,0.16276865771144047
SG_010042,0.16564189104716237
SG_010045,0.16209646109153847
SG_010047,0.12645333270824174
SG_010048,0.17523812904789057
SG_010050,0.20577544625314478
SG_010052,0.14285570054710464
SG_010058,0.2103062426216842
SG_010061,0.21651537386164832
SG_010068,0.13205042657700944
SG_010069,0.1466881525021174
SG_010074,0.1493428047083109
SG_010078,0.11744755781430091
SG_010081,0.14193627367381656
SG_010084,0.1710104653865386
SG_010085,0.126811495159136
SG_010086,0.27292673048381416
SG_010088,0.1701847429631554
SG_010091,0.1064288513556052
SG_010092,0.2210799382150165
SG_010099,0.16930745340196085
SG_010101,0.1758007237296581
SG_010103,0.15535267300972705
SG_010104,0.19052986987680137
SG_010106,0.17837022546808534
SG_010109,0.15795584108903735
SG_010115,0.11598218141174646
SG_010116,0.1765130671227215
SG_010117,0.19992036822328374
SG_010123,0.1900568878157834
SG_010130,0.14087252856072566
SG_010132,0.11746725959124685
SG_010134,0.19089664235634804
SG_010142,0.18705785557397103
SG_010144,0.13925769713184882
SG_010146,0.13897028318353444
SG_010151,0.13417759172559685
SG_010153,0.31675060601856825
SG_010155,0.1506608817023731
SG_010157,0.22519681561597665
SG_010165,0.13765710281064525
SG_010166,0.1332348262439569
SG_010169,0.13380260548413223
SG_010170,0.12014963272126
SG_010172,0.14929372939483118
SG_010173,0.16320930912311107
SG_010174,0.19998156880538326
SG_010175,0.16775206659961148
SG_010176,0.19849972596474452
SG_010182,0.15214857022053924
SG_010183,0.1782762876924562
SG_010184,0.18646318607476642
SG_010187,0.13435699982167368
SG_010195,0.13616396308285048
SG_010198,0.1684021637923642
SG_010199,0.15101708106008793
SG_010200,0.12836833417691995
SG_010204,0.1742036709167173
SG_010206,0.15031644935659882
SG_010208,0.18613055102626014
SG_010209,0.15976964706705643
SG_010210,0.1815680924165084
SG_010213,0.1544730666474421
SG_010217,0.17394957065578148
SG_010226,0.17081012706709603
SG_010227,0.12541846060470666
SG_010234,0.13369518153465193
SG_010235,0.14802605098399488
SG_010238,0.2825538991009271
SG_010241,0.15631834687544932
SG_010242,0.15035303913159573
SG_010243,0.12224381432502983
SG_010246,0.19601123878841387
SG_010252,0.1545104686705111
SG_010253,0.28638958649549595
SG_010256,0.1640947024705896
SG_010257,0.15676184780906255
SG_010258,0.13673457865477506
SG_010259,0.2486247854161157
SG_010261,0.16035470841338215
SG_010263,0.1271969226155669
SG_010265,0.12772887523485554
SG_010267,0.1190107047213325
SG_010271,0.1345821025723459
SG_010273,0.19913844890413512
SG_010274,0.15582793121469518
SG_010277,0.17943569095750267
SG_010284,0.15034071666606044
SG_010286,0.13733772534627672
SG_010287,0.2580131463586004
SG_010288,0.11818737198845211
SG_010293,0.15607684714353792
SG_010294,0.21728885652049681
SG_010298,0.17388558540040178
SG_010306,0.14534632604400638
SG_010313,0.16215863651060766
SG_010315,0.2021363062094752
SG_010316,0.18648953616268474
SG_010319,0.14858782390033654
SG_010320,0.24054318086121923
SG_010322,0.19772081278450288
SG_010323,0.23850597498330942
SG_010326,0.1574096776807356
SG_010328,0.19135448167045627
SG_010329,0.24010483131815136
SG_010330,0.18624576356940845
SG_010332,0.12984294282496178
SG_010336,0.19147648124035513
SG_010344,0.19850697546597973
SG_010347,0.1915942508751212
SG_010350,0.15152635058702368
SG_010352,0.26395199071983316
SG_010354,0.16048860330371995
SG_010358,0.14795230570532497
SG_010371,0.144297020688127
SG_010373,0.18548993648259124
SG_010379,0.11634877910394298
SG_010386,0.14194535001957076
SG_010393,0.16019187329003157
SG_010394,0.1814027880895422
SG_010399,0.165168894497394
SG_010401,0.12863554133291508
SG_010404,0.16886357629343365
SG_010406,0.15352641238453338
SG_010407,0.17686274189694823
SG_010409,0.2754955213516637
SG_010412,0.1997011768220205
SG_010418,0.13049870374046674
SG_010420,0.1209836266244049
SG_010424,0.26749742099425017
SG_010425,0.1560043686387898
SG_010428,0.22736023110809012
SG_010430,0.2564871300716683
SG_010431,0.17820787495495383
SG_010435,0.13444849678430057
SG_010442,0.23774975685331656
SG_010455,0.15878169356161975
SG_010459,0.13763647800741607
SG_010460,0.20166262978537786
SG_010461,0.17285620121697587
SG_010462,0.15993983447646065
SG_010465,0.11306971963943016
SG_010467,0.15375055611744085
SG_010469,0.14387103394467365
SG_010470,0.15817810708018126
SG_010472,0.11783866077658088
SG_010475,0.1948234850499168
SG_010477,0.17928919634147955
SG_010481,0.15886663315462785
SG_010482,0.1259867322792384
SG_010483,0.1662927230982526
SG_010485,0.16821179512295273
SG_010486,0.1549177394789313
SG_010487,0.17147635495111888
SG_010490,0.18191020060713115
SG_010492,0.13719971480600412
SG_010493,0.12838297346295266
SG_010495,0.16145042747601043
SG_010498,0.16684871479463825
SG_010499,0.14597939720899478
SG_010501,0.17608806230326535
SG_010503,0.11977722293871343
SG_010505,0.15499002262078693
SG_010506,0.1338806724704184
SG_010507,0.1330315153232023
SG_010509,0.15265999501263888
SG_010510,0.17886234585906075
SG_010515,0.19086760236016503
SG_010517,0.18170166106873664
SG_010518,0.16083774538008055
SG_010531,0.19731806612686045
SG_010546,0.22153473425242887
SG_010547,0.15585350339423487
SG_010550,0.18010184823097605
SG_010552,0.14484409881283045
SG_010553,0.17833854877077185
SG_010555,0.13414132805007561
SG_010561,0.15151142182053812
SG_010562,0.16158993527839857
SG_010563,0.17627541723501247
SG_010569,0.17193978384429215
SG_010571,0.14785841099392344
SG_010577,0.13186495674544865
SG_010578,0.1423516031259754
SG_010579,0.16980206613520635
SG_010582,0.18239103572691434
SG_010585,0.168390316722283
SG_010586,0.16712245650401375
SG_010588,0.12953160099019786
SG_010589,0.11404609178489117
SG_010590,0.22458222765570962
SG_010592,0.2831573455456788
SG_010594,0.14965591287442406
SG_010598,0.21269466586170666
SG_010600,0.1751763389124321
SG_010607,0.15815351758728735
SG_010611,0.1725084442756915
SG_010615,0.26764652457716376
SG_010616,0.18282451274656714
SG_010619,0.1272963146427828
SG_010627,0.1507064222243901
SG_010634,0.1148737478498266
SG_010635,0.15380663711736822
SG_010636,0.17458520776624664
SG_010649,0.19400424703051408
SG_010651,0.18439113345611574
SG_010653,0.13295905145605905
SG_010655,0.12697711942460346
SG_010659,0.1603924259480936
SG_010662,0.2506875409060598
SG_010664,0.16524536142797625
SG_010666,0.13576147921373108
SG_010668,0.14033391842596804
SG_010670,0.20614717806109684
SG_010673,0.18626943127317763
SG_010674,0.18003149939454202
SG_010679,0.21467588611015384
SG_010684,0.25734460618892085
SG_010685,0.11989517905280166
SG_010690,0.11902171110202003
SG_010696,0.18091772373694998
SG_010700,0.15541116054748286
SG_010707,0.14902233759662917
SG_010708,0.17458282409755066
SG_010713,0.18848933269107476
SG_010717,0.14114175505494236
SG_010718,0.17467695764988606
SG_010721,0.18825226332608314
SG_010722,0.12028258123843291
SG_010726,0.20402011377360474
SG_010729,0.16457474273378742
SG_010733,0.17341753324654388
SG_010734,0.15946709099115103
SG_010737,0.17275244838818027
SG_010739,0.17844167125091084
SG_010745,0.19167989447260395
SG_010752,0.14010405903656412
SG_010753,0.1873030753963051
SG_010757,0.13435758965213515
SG_010760,0.22507022813793093
SG_010763,0.1683985412045056
SG_010769,0.19854767634489467
SG_010772,0.15765486421956415
SG_010773,0.12244274004385754
SG_010774,0.12216013929315202
SG_010781,0.18816153873987926
SG_010784,0.13630001880628317
SG_010789,0.15947300287596983
SG_010791,0.18551427916783658
SG_010795,0.25562778551776083
SG_010796,0.15860500473454403
SG_010798,0.17935262926475468
SG_010801,0.14447016103428373
SG_010803,0.22068598514683405
SG_010808,0.14175694506688655
SG_010809,0.17733795501962674
SG_010810,0.17380059690401412
SG_010814,0.2383466583480424
SG_010816,0.13029547496339794
SG_010818,0.1239640710503818
SG_010824,0.26084358025071325
SG_010828,0.1725944079823255
SG_010830,0.19317092539764077
SG_010831,0.12589602356613752
SG_010837,0.24595912521036217
SG_010843,0.12890940893892971
SG_010844,0.21972398609766428
SG_010845,0.11644817847526662
SG_010846,0.13905774841837584
SG_010847,0.1506874795144461
SG_010853,0.16259634642828363
SG_010857,0.1375358021241609
SG_010860,0.18263121021332573
SG_010863,0.14629668742579047
SG_010865,0.15649064762755777
SG_010870,0.16537400257910323
SG_010871,0.2575592067888345
SG_010872,0.14962317479299164
SG_010876,0.18874269574016078
SG_010881,0.14825529885123515
SG_010882,0.1348926047489291
SG_010884,0.18129755767111588
SG_010887,0.13211396048975568
SG_010888,0.16667558951757871
SG_010889,0.2176063603629645
SG_010894,0.21653398514185399
SG_010896,0.16725155327287167
SG_010898,0.15916301915304226
SG_010902,0.13734112867049542
SG_010904,0.2539678742755914
SG_010907,0.22842632101835972
SG_010911,0.1793494678155471
SG_010922,0.15237503487482099
SG_010930,0.12806983416473022
SG_010946,0.24779765344481014
SG_010951,0.1347162794006559
SG_010956,0.20699079287413613
SG_010960,0.25418656007446744
SG_010961,0.13825580542991522
SG_010962,0.1784008340921179
SG_010969,0.1382394075261723
SG_010971,0.13782120091420277
SG_010973,0.2152496581149837
SG_010974,0.1415781417561584
SG_010977,0.10866537845293203
SG_010982,0.11761429069936391
SG_010985,0.16388626868237086
SG_010986,0.170509309139655
SG_010987,0.15875620744462032
SG_010993,0.12212157703449286
SG_010995,0.15062121791013694
SG_010998,0.30046561317281334
SG_011003,0.20970005438713715
SG_011010,0.11369662830340266
SG_011012,0.14724153572346607
SG_011016,0.1965410535874918
SG_011017,0.16556369093877396
SG_011025,0.16043754732865032
SG_011031,0.2368492600241376
SG_011050,0.11756536866180813
SG_011052,0.14943070681469942
SG_011053,0.210236205453886
SG_011055,0.13091651857222436
SG_011057,0.14522100587790387
SG_011060,0.11621198602392575
SG_011073,0.1880904988711503
SG_011075,0.16772366090968227
SG_011077,0.16051544452032007
SG_011088,0.17272570093820536
SG_011089,0.13717614828846972
SG_011097,0.14721683423894674
SG_011107,0.17686493522392716
SG_011110,0.1625743861274635
SG_011117,0.12307595373965335
SG_011120,0.20143243711102207
SG_011132,0.1888191680919302
SG_011133,0.14486593417975446
SG_011139,0.28795055066312036
SG_011143,0.1911724263187791
SG_011144,0.12591224345184435
SG_011147,0.21215363651634062
SG_011148,0.17027698576174016
SG_011151,0.15406973997933252
SG_011152,0.1870561216478419
SG_011154,0.14269883653051788
SG_011158,0.16973720072383142
SG_011159,0.186231782349399
SG_011160,0.18971633423020529
SG_011161,0.23337080296965146
SG_011162,0.164302823794096
SG_011164,0.13921016200175884
SG_011169,0.1366778410371864
SG_011170,0.13122339960373758
SG_011175,0.1532959268522267
SG_011176,0.18365111792945013
SG_011177,0.15409860409012135
SG_011182,0.21150248183342749
SG_011184,0.1933945933765483
SG_011186,0.15256512661705332
SG_011190,0.13595547446567124
SG_011192,0.2354452502364737
SG_011199,0.1557598544943212
SG_011200,0.1393161799799791
SG_011201,0.13388921483599248
SG_011203,0.17220069153471892
SG_011208,0.32615007418648917
SG_011212,0.1407916110435936
SG_011214,0.1371375843521023
SG_011221,0.2163070388384948
SG_011222,0.17408803480044505
SG_011224,0.13317785698754156
SG_011226,0.17104617882243364
SG_011235,0.16618842426297778
SG_011239,0.1099980419245373
SG_011250,0.13102750884686343
SG_011257,0.23949533452010874
SG_011259,0.17602894845381634
SG_011261,0.13058308794099238
SG_011262,0.20982739922397814
SG_011266,0.19035060338063364
SG_011274,0.12804176016357388
SG_011275,0.1287606445573583
SG_011279,0.15306825964192305
SG_011280,0.16149327783699066
SG_011285,0.12483753918760127
SG_011291,0.1341438578207369
SG_011294,0.16716688050914252
SG_011298,0.1526842942668708
SG_011303,0.15768136226062063
SG_011304,0.1307767956965818
SG_011306,0.17261016837197798
SG_011307,0.18953336458748457
SG_011308,0.16207640130622936
SG_011309,0.14684346200948797
SG_011310,0.20912072231834952
SG_011312,0.22320829555724145
SG_011313,0.2567360529658372
SG_011327,0.15539160939439745
SG_011333,0.12504313964667302
SG_011335,0.17966274394942844
SG_011337,0.16347672409908903
SG_011340,0.10749322200078704
SG_011343,0.1281299636774893
SG_011345,0.15777396667172666
SG_011347,0.15296060525725522
SG_011350,0.15325581690501758
SG_011357,0.15586782238588318
SG_011360,0.13705081138402672
SG_011361,0.18409951732841004
SG_011367,0.13323136044509581
SG_011371,0.14329027236348016
SG_011376,0.1355793788977459
SG_011377,0.18438110543350508
SG_011380,0.16565178731339644
SG_011381,0.15240244321071955
SG_011383,0.12100691468956004
SG_011398,0.15381083321087005
SG_011401,0.16836546094642918
SG_011413,0.14813071864620672
SG_011416,0.15180617796918044
SG_011420,0.16600044883622075
SG_011429,0.16363609375620874
SG_011432,0.11741805195727889
SG_011437,0.19914095846358099
SG_011443,0.17491425301942296
SG_011447,0.241764620147693
SG_011450,0.16612335860077254
SG_011457,0.1927943580879773
SG_011458,0.16411008620093537
SG_011460,0.20762944388381482
SG_011464,0.18183242761967391
SG_011468,0.11891693847468576
SG_011469,0.17984860149134116
SG_011473,0.1976481317778043
SG_011475,0.217941701907379
SG_011479,0.19390748600784413
SG_011482,0.20741653686563177
SG_011483,0.21813138258091785
SG_011492,0.14758188088913612
SG_011493,0.16078004566703935
SG_011497,0.12967161433364088
SG_011503,0.13633189494909864
SG_011504,0.19982016523592155
SG_011505,0.13774026625753327
SG_011512,0.1488606349767869
SG_011519,0.11961345265960928
SG_011526,0.19342880368751197
SG_011527,0.14634587809489563
SG_011528,0.1410191308808667
SG_011532,0.11735209466056681
SG_011541,0.14765279965372363
SG_011544,0.17346231699421621
SG_011547,0.20814777616622485
SG_011548,0.22921664446877837
SG_011552,0.17247048799035014
SG_011566,0.14206368634934513
SG_011567,0.20646852345695418
SG_011569,0.1525789972563939
SG_011575,0.1702556103435864
SG_011576,0.21527623428896103
SG_011577,0.17370418307352542
SG_011581,0.2089063762863927
SG_011584,0.15681356408339958
SG_011586,0.15019116529377524
SG_011593,0.17453539510592717
SG_011597,0.13951955878457428
SG_011598,0.19160560898881035
SG_011602,0.13977282660019502
SG_011605,0.19488640437160307
SG_011607,0.15019347786651766
SG_011612,0.2617811256973143
SG_011616,0.20105412714469684
SG_011617,0.14102938497381529
SG_011620,0.1963295894860419
SG_011622,0.2159309706575546
SG_011625,0.13745684597963503
SG_011626,0.1855269090029914
SG_011627,0.1841316156369539
SG_011632,0.20942959873457942
SG_011633,0.19093477026972805
SG_011635,0.2534044928827617
SG_011638,0.20544327698064502
SG_011640,0.2123722801372899
SG_011645,0.1356262799871891
SG_011649,0.17642081591940606
SG_011656,0.13475915876533245
SG_011662,0.14218142271206588
SG_011663,0.17224105539619677
SG_011666,0.13424461112173103
SG_011672,0.1204538243442335
SG_011673,0.1654964046702581
SG_011676,0.24356983842279173
SG_011678,0.14648693687311204
SG_011682,0.18482306492136666
SG_011683,0.1455311780994833
SG_011684,0.11288814733281816
SG_011691,0.18075382699347273
SG_011694,0.12042353649902479
SG_011695,0.1726686386935686
SG_011697,0.21596048847648192
SG_011699,0.12087175488187021
SG_011701,0.1920873388488329
SG_011704,0.17475475056627138
SG_011705,0.16951901446120876
SG_011708,0.1817374249869894
SG_011714,0.23296834948570203
SG_011715,0.16938160110412723
SG_011720,0.15316827266771263
SG_011721,0.1277013607589107
SG_011727,0.1142134438242208
SG_011728,0.1887825256126447
SG_011729,0.181471680367479
SG_011731,0.13950308474565548
SG_011736,0.1632038924714326
SG_011737,0.1575156836128752
SG_011747,0.14814708662368203
SG_011749,0.22679331636401417
SG_011750,0.1787809433703907
SG_011752,0.14364950549058111
SG_011757,0.20791640407460965
SG_011764,0.1996722013381018
SG_011767,0.12639597475842887
SG_011769,0.224907650520351
SG_011770,0.24571094270013402
SG_011772,0.21465948958462483
SG_011773,0.14505827528085852
SG_011777,0.20270624313874114
SG_011779,0.16610024860101108
SG_011780,0.1687505621075504
SG_011786,0.20599159951750184
SG_011787,0.16568340433542025
SG_011789,0.1349650227904718
SG_011796,0.11366103134055872
SG_011799,0.14350223280798405
SG_011801,0.12035465730000955
SG_011802,0.16714215810297633
SG_011806,0.1269667500303584
SG_011812,0.2066125810285367
SG_011814,0.18704312670874879
SG_011815,0.13239087148487866
SG_011816,0.18148764011009516
SG_011830,0.16881174211983363
SG_011833,0.11013850139674047
SG_011843,0.1885329913984646
SG_011853,0.1715668525652083
SG_011855,0.15714013858230236
SG_011858,0.10973482337416136
SG_011861,0.14336806132962168
SG_011863,0.17667046676213025
SG_011864,0.2081933288798181
SG_011868,0.24187485738821002
SG_011869,0.2004698032228907
SG_011871,0.2402733835388337
SG_011886,0.14834115093325934
SG_011889,0.14285658947690022
SG_011890,0.15506089335051398
SG_011894,0.16445759947301802
SG_011896,0.14955848111968256
SG_011898,0.11562248231898961
SG_011900,0.1684212130490301
SG_011918,0.13742329002751322
SG_011922,0.14541280695950906
SG_011925,0.15724334886433813
SG_011926,0.16030154060947094
SG_011927,0.2135172843980191
SG_011931,0.16223652501611108
SG_011933,0.12926650096118075
SG_011936,0.12092719408810602
SG_011939,0.1125465669358973
SG_011940,0.1470922827198039
SG_011953,0.2139373569259032
SG_011955,0.20088380181607304
SG_011956,0.17911618088069015
SG_011959,0.16366335024307033
SG_011961,0.16958465084958493
SG_011962,0.21294903824429273
SG_011966,0.19818351722220934
SG_011969,0.15460283556215162
SG_011971,0.12392151549934842
SG_011977,0.19967433239373863
SG_011978,0.14052838195576772
SG_011983,0.14376420026179218
SG_011986,0.13120826127014015
SG_011988,0.10979912435790093
SG_011993,0.15162710313792058
SG_011995,0.19473799155495564
SG_011996,0.15782512461991133
SG_011997,0.15825603403709995
SG_012000,0.19566906717187227
SG_012013,0.16341150860031883
SG_012018,0.17357966488488158
SG_012019,0.14388186207378667
SG_012020,0.1830750361397096
SG_012022,0.13860314680471936
SG_012031,0.17210460488438112
SG_012040,0.17759624602974314
SG_012041,0.14555829910638257
SG_012048,0.13338393814128266
SG_012050,0.15350808346353853
SG_012051,0.10996310454498295
SG_012052,0.1771924500921646
SG_012064,0.19789680527662717
SG_012066,0.12141504147140378
SG_012068,0.1699841753357059
SG_012076,0.18104850859885235
SG_012077,0.1539857917674059
SG_012078,0.17154740841741584
SG_012079,0.1145446841343834
SG_012080,0.17176412210942504
SG_012081,0.14545051159242858
SG_012082,0.1531076115209935
SG_012086,0.19638000384428633
SG_012089,0.18909551943889724
SG_012097,0.1487856619504574
SG_012104,0.15840353763878792
SG_012108,0.20301165309743857
SG_012113,0.16694814030875288
SG_012119,0.23113744225473884
SG_012124,0.20789366448002566
SG_012125,0.15859193989566367
SG_012141,0.2554402694166859
SG_012143,0.1922277774261653
SG_012145,0.13694198926139753
SG_012148,0.14761668809112335
SG_012150,0.1736071503154588
SG_012162,0.1560553119324865
SG_012165,0.15838764167259886
SG_012166,0.16841771571652744
SG_012167,0.15746325852518298
SG_012168,0.12862467533294453
SG_012169,0.14762345085164608
SG_012170,0.11951812716071245
SG_012175,0.17990390794984923
SG_012176,0.17519351043063444
SG_012177,0.14719570378013566
SG_012181,0.2145777632341584
SG_012186,0.26910412458736754
SG_012190,0.16656569139479446
SG_012192,0.2769532805490634
SG_012194,0.1373383943228782
SG_012195,0.14791729250605443
SG_012198,0.1979062554661402
SG_012199,0.1536962121566245
SG_012205,0.29672220513227804
SG_012206,0.2514561601997465
SG_012211,0.13232678191568492
SG_012212,0.1622743233401771
SG_012213,0.15349091350888003
SG_012216,0.19292410638730623
SG_012217,0.2474890280297217
SG_012218,0.2189629301429922
SG_012220,0.13940733902948121
SG_012225,0.1859540022471423
SG_012230,0.13734230798519878
SG_012232,0.1353894187067591
SG_012234,0.14043260808328767
SG_012238,0.16117180571938994
SG_012241,0.1655988233920137
SG_012243,0.13162187260209557
SG_012247,0.14061526293254872
SG_012253,0.14771648505664245
SG_012258,0.16177731113897142
SG_012260,0.18717101707934214
SG_012263,0.14666948837317254
SG_012264,0.23157285941372488
SG_012266,0.29507955423116655
SG_012270,0.12372750580407206
SG_012272,0.13461302116961263
SG_012276,0.16468287818043376
SG_012277,0.13828062540020752
SG_012278,0.1681529123863993
SG_012279,0.18748547070375404
SG_012280,0.18222690496936744
SG_012281,0.20463544346552012
SG_012283,0.2251511948625926
SG_012284,0.23697100629983714
SG_012285,0.14976790435383708
SG_012290,0.15768060121674854
SG_012293,0.1823793465788207
SG_012301,0.18509735862068594
SG_012305,0.16549253435996147
SG_012307,0.20021689562509168
SG_012308,0.14416348661620554
SG_012310,0.1646394985174462
SG_012312,0.32057939080970105
SG_012313,0.14545859626914198
SG_012316,0.18894043040234443
SG_012321,0.13626306523774992
SG_012322,0.1640366429423138
SG_012326,0.15528977126965937
SG_012334,0.16444154822800744
SG_012336,0.14682933325057762
SG_012337,0.16208894680450772
SG_012339,0.2008117762340299
SG_012340,0.14298598362677922
SG_012345,0.12742147600156176
SG_012355,0.19927060541961109
SG_012362,0.1654028620505152
SG_012363,0.16134439992932986
SG_012368,0.22876662744615334
SG_012375,0.1485752104634238
SG_012378,0.10987504546353434
SG_012381,0.12358526022124189
SG_012384,0.17449251215261144
SG_012390,0.17077939967365768
SG_012393,0.17958025147446832
SG_012397,0.11542351717637234
SG_012400,0.13317272059796173
SG_012402,0.21001387062000496
SG_012410,0.20945371501880544
SG_012414,0.1510141667852993
SG_012419,0.18848859366681062
SG_012420,0.23429498722556877
SG_012422,0.253801873189586
SG_012423,0.1745771562450708
SG_012424,0.12852870005949846
SG_012427,0.15287215354003997
SG_012432,0.16367755378099585
SG_012436,0.23311571621853167
SG_012437,0.20424422556901098
SG_012438,0.22234610736676932
SG_012444,0.17859036825076918
SG_012446,0.10968649508129766
SG_012452,0.2774929626097668
SG_012453,0.11887393346660732
SG_012456,0.1601346670409585
SG_012459,0.12784699899323382
SG_012468,0.12438959052129014
SG_012470,0.173575898609596
SG_012480,0.15242429445026348
SG_012484,0.13849103743306054
SG_012489,0.11907021539966854
SG_012493,0.1801885864513223
SG_012495,0.18140372381274822
SG_012499,0.28361463777505636
SG_012501,0.12232426700641552
SG_012502,0.13972174151313485
SG_012504,0.17934774417802252
SG_012506,0.12983806753630237
SG_012509,0.19721244626075252
SG_012510,0.2686600257031196
SG_012513,0.15031814917495614
SG_012519,0.226541121418467
SG_012520,0.16426754171442526
SG_012521,0.10656778954651122
SG_012525,0.15284772235416627
SG_012527,0.18122924423070547
SG_012531,0.20962850345935152
SG_012533,0.2871653071330395
SG_012538,0.1303491775300161
SG_012539,0.3014308885182245
SG_012548,0.12185796307631391
SG_012550,0.16383945173486975
SG_012552,0.12338017969559403
SG_012556,0.14981548986746007
SG_012561,0.19623206927897763
SG_012562,0.11723013363207943
SG_012563,0.17299372770686505
SG_012564,0.17287578305908505
SG_012567,0.11258840400750678
SG_012568,0.24958458884393253
SG_012571,0.20143801497199268
SG_012575,0.12637975554642228
SG_012579,0.1752462874854096
SG_012588,0.14196075005611664
SG_012591,0.1608022627302511
SG_012594,0.15649621904089303
SG_012596,0.12439379673213634
SG_012600,0.1802228902366086
SG_012601,0.1257606689490577
SG_012603,0.1531575861622786
SG_012606,0.11486401624917025
SG_012609,0.2769714855064631
SG_012610,0.13261625345379904
SG_012615,0.16286211404617065
SG_012616,0.1987318770556737
SG_012619,0.1588236452462332
SG_012623,0.22601928559257434
SG_012628,0.14198280877320896
SG_012630,0.18038552662972682
SG_012632,0.1901549569191291
SG_012636,0.19602334876360786
SG_012640,0.11057008293728394
SG_012643,0.17198303138703902
SG_012648,0.261460798086241
SG_012651,0.12515886744552757
SG_012654,0.16981410017165738
SG_012660,0.19371974664799707
SG_012661,0.18722228890173065
SG_012663,0.17753413096707232
SG_012669,0.1455291798081899
SG_012674,0.18019203517745458
SG_012680,0.18000708461856946
SG_012684,0.1579380087612136
SG_012688,0.17452214442515074
SG_012690,0.21031388872547138
SG_012697,0.17417573342778686
SG_012699,0.1870752832535314
SG_012701,0.1406328328397445
SG_012705,0.18633642696913516
SG_012709,0.15645216567006998
SG_012710,0.23153701909646818
SG_012715,0.1466203093530379
SG_012716,0.16383666297596877
SG_012718,0.14395851431080275
SG_012723,0.16520286577222074
SG_012724,0.2030551653058546
SG_012730,0.15522017905859062
SG_012734,0.182285053759299
SG_012736,0.13868856791969977
SG_012738,0.16204873682116788
SG_012747,0.18021125304766225
SG_012749,0.24122595077374132
SG_012750,0.14073506603871136
SG_012753,0.1994239553769231
SG_012754,0.20145986128186194
SG_012757,0.21819019689710234
SG_012763,0.1389877507030109
SG_012764,0.1476021358656994
SG_012767,0.20013766389652388
SG_012768,0.20661929147856026
SG_012773,0.13950455062292003
SG_012775,0.10508073238507826
SG_012777,0.19527110537235143
SG_012786,0.21026772140266925
SG_012787,0.20750594925799082
SG_012792,0.14738978837871966
SG_012797,0.21236139788871278
SG_012805,0.121890834925264
SG_012808,0.1802474706795946
SG_012810,0.1889672189942777
SG_012819,0.22865232293501137
SG_012821,0.2884691240427888
SG_012822,0.20144816617835812
SG_012831,0.12147853013388862
SG_012844,0.19991998010641124
SG_012845,0.11962315646482456
SG_012848,0.12024590708277696
SG_012849,0.15219671580678193
SG_012851,0.21285029538062
SG_012859,0.11909768610290897
SG_012861,0.17874795875395744
SG_012869,0.2622544009223031
SG_012870,0.15486724850455563
SG_012873,0.22980017235832356
SG_012874,0.1928882573898904
SG_012883,0.13619611574039242
SG_012886,0.22550486206117798
SG_012887,0.1180189745267781
SG_012888,0.1966895373955557
SG_012891,0.11936734251433073
SG_012898,0.1422176087575473
SG_012905,0.20239629410309187
SG_012910,0.1826535986800431
SG_012913,0.13971195552723562
SG_012918,0.2506062444386691
SG_012919,0.16370058382635913
SG_012920,0.16165394182005338
SG_012923,0.1403199999588951
SG_012924,0.15925495932792788
SG_012926,0.2669858874460012
SG_012936,0.2132752783267344
SG_012938,0.20463970368114143
SG_012940,0.15125485053789395
SG_012945,0.1442132108117425
SG_012949,0.16370733021019573
SG_012958,0.21365857455722517
SG_012962,0.1697868107137497
SG_012967,0.15111161458810055
SG_012968,0.1168018316768967
SG_012970,0.16175053679323992
SG_012972,0.1584571744376496
SG_012978,0.16250594455346742
SG_012979,0.1671533855247928
SG_012980,0.1714923204974435
SG_012981,0.24123256700278925
SG_012983,0.1483797443308776
SG_012984,0.19518083104569833
SG_012989,0.1774805377908797
SG_012994,0.1465437364632698
SG_012997,0.1587489703556198
SG_013002,0.16504901703077035
SG_013009,0.15126087595552126
SG_013017,0.12483926194177933
SG_013023,0.29806859729585333
SG_013028,0.15535947793037103
SG_013030,0.18926822648312627
SG_013033,0.18514852802046822
SG_013042,0.15048702068452827
SG_013043,0.1870084884188092
SG_013045,0.17426802386273998
SG_013063,0.1831557253954075
SG_013064,0.16728277798913188
SG_013065,0.14275923621098496
SG_013068,0.220309076550757
SG_013070,0.1443303533797292
SG_013071,0.16357808773651936
SG_013072,0.16627635264027057
SG_013077,0.18474743799446708
SG_013080,0.2560523186305907
SG_013082,0.18872865252454174
SG_013083,0.1293880518214749
SG_013085,0.1688370754095403
SG_013086,0.16149477817222507
SG_013093,0.13289861935552952
SG_013094,0.16307471110288513
SG_013096,0.17264161715098544
SG_013104,0.21951025598531734
SG_013108,0.14183794579475342
SG_013111,0.13788785673708484
SG_013112,0.18663112461759723
SG_013115,0.18474173925539472
SG_013117,0.2451199046738129
SG_013125,0.14875069144634925
SG_013127,0.139976170774685
SG_013135,0.16956841054299115
SG_013138,0.21435819536523887
SG_013139,0.11275100312671665
SG_013141,0.1897021051033611
SG_013149,0.1873536055697566
SG_013150,0.2366766525949006
SG_013157,0.19186634416456594
SG_013159,0.17165739623964182
SG_013166,0.16590385660356177
SG_013172,0.25218272951925935
SG_013177,0.16640737273893597
SG_013178,0.13431406198945678
SG_013187,0.12265441397723308
SG_013196,0.12572497354805096
SG_013201,0.2560532680388095
SG_013202,0.1313113738356448
SG_013212,0.13808637656308057
SG_013219,0.1665892200110807
SG_013222,0.1218589118950659
SG_013223,0.1774661636962166
SG_013224,0.27136151118419366
SG_013233,0.13311589476223992
SG_013237,0.11828096168888688
SG_013245,0.15878496913914442
SG_013249,0.12467296941277448
SG_013250,0.14868109163396023
SG_013260,0.13003021208206056
SG_013264,0.17967579177931098
SG_013266,0.16168294350628332
SG_013267,0.254815774795699
SG_013269,0.14104258640749556
SG_013273,0.23707015071602128
SG_013276,0.136394934173507
SG_013280,0.19248353838845073
SG_013281,0.1722686942986169
SG_013282,0.15138440395339603
SG_013288,0.1643121988390528
SG_013292,0.13218799846156115
SG_013294,0.20492742744521755
SG_013297,0.11687471224646909
SG_013304,0.14238998098438424
SG_013311,0.14040485702274577
SG_013313,0.17397086349305818
SG_013314,0.15378484046386046
SG_013315,0.18010165469732203
SG_013317,0.27601225588412137
SG_013321,0.16562314071560244
SG_013323,0.14509160569572263
SG_013327,0.12687344161485775
SG_013328,0.12892006173821371
SG_013332,0.1685838227100632
SG_013337,0.16456821658489967
SG_013338,0.1799097793759587
SG_013339,0.1404419866262711
SG_013340,0.20050080190628622
SG_013342,0.12288543303032831
SG_013344,0.12039991453002419
SG_013345,0.17915108474384422
SG_013347,0.14313363421698885
SG_013348,0.11434264945197022
SG_013356,0.18234907480207774
SG_013358,0.16177173864879843
SG_013359,0.15547036530403616
SG_013360,0.14728205124370053
SG_013361,0.12468445454689192
SG_013362,0.19616342706837542
SG_013366,0.15884197223701263
SG_013371,0.1848849424268048
SG_013372,0.18124551996313032
SG_013374,0.21096858640609728
SG_013380,0.1315422336957329
SG_013383,0.2176191682669063
SG_013384,0.16997198824788418
SG_013391,0.19017809281694553
SG_013392,0.2211237082768922
SG_013393,0.1607459688591613
SG_013396,0.24668501851497504
SG_013400,0.23315079218111617
SG_013404,0.13868586103624422
SG_013412,0.16923268850312145
SG_013413,0.19590522794675969
SG_013414,0.15043055449672688
SG_013418,0.19090181974112183
SG_013420,0.16657555579694183
SG_013421,0.18726800175986824
SG_013424,0.1734726864867479
SG_013427,0.14916929800122408
SG_013430,0.1474521161346203
SG_013435,0.22125399155700434
SG_013438,0.174967625425424
SG_013440,0.1474844134816398
SG_013443,0.2258051373818434
SG_013444,0.18485391524610936
SG_013446,0.1120742395862144
SG_013447,0.16071106287736187
SG_013452,0.14750554731923554
SG_013454,0.18415959130082626
SG_013456,0.1293558972518495
SG_013462,0.159475544636599
SG_013463,0.17827534552629382
SG_013464,0.12183084570758149
SG_013468,0.1351127442916841
SG_013472,0.15683803422899195
SG_013474,0.19785334373087077
SG_013477,0.1379182193645738
SG_013480,0.13018738638607522
SG_013485,0.13252727118049443
SG_013486,0.13894836585157228
SG_013487,0.17677080135287454
SG_013491,0.21076113712994446
SG_013495,0.1906933703171438
SG_013499,0.14186594810853673
SG_013504,0.26782211155331326
SG_013508,0.197726287022906
SG_013509,0.12085346458810634
SG_013515,0.20939878875000298
SG_013523,0.11904468980173058
SG_013528,0.14589184793129653
SG_013538,0.14338984104290975
SG_013542,0.16550745812305767
SG_013543,0.15414132282232829
SG_013544,0.19753710239341873
SG_013545,0.2388303494350857
SG_013546,0.14631389351652116
SG_013548,0.27126569939594064
SG_013549,0.19246543769543606
SG_013552,0.2551773548589219
SG_013553,0.1591388211276326
SG_013554,0.20774124164515267
SG_013557,0.16788667179906702
SG_013558,0.13307396252687217
SG_013561,0.21124918881816912
SG_013563,0.1408468200932177
SG_013565,0.1309999226632388
SG_013567,0.13382276856248565
SG_013568,0.1467017487807794
SG_013571,0.17878167207698137
SG_013574,0.1742845793987317
SG_013575,0.13429003701911846
SG_013578,0.20802818597596776
SG_013579,0.21722128577982705
SG_013580,0.16602222743022385
SG_013586,0.12330717333273278
SG_013588,0.16288055966905984
SG_013591,0.16285643315259224
SG_013598,0.2749881869399004
SG_013601,0.16442708896872532
SG_013602,0.23221291209971628
SG_013604,0.14444297863798608
SG_013608,0.184012064620712
SG_013610,0.13629557777442725
SG_013612,0.16655428575037395
SG_013613,0.17255689413752517
SG_013616,0.15064396437826835
SG_013619,0.18169960679478825
SG_013624,0.23905749945003696
SG_013626,0.15774082654582205
SG_013628,0.23676048064310629
SG_013629,0.11943797599093552
SG_013633,0.13921644587571624
SG_013635,0.13879328398695576
SG_013637,0.16207458136604685
SG_013638,0.15303734043529532
SG_013639,0.15546505805222208
SG_013641,0.1805282689152688
SG_013646,0.20464044905416898
SG_013653,0.13658170789131055
SG_013667,0.17728668889250007
SG_013668,0.2274965784662561
SG_013670,0.17349034188228787
SG_013675,0.14817462521118968
SG_013677,0.16626113801015188
SG_013678,0.16632476472364935
SG_013681,0.15848522533879697
SG_013682,0.15119592330937848
SG_013683,0.1567089137030435
SG_013684,0.1777146548699982
SG_013685,0.1333492097092857
SG_013686,0.21320070113412035
SG_013690,0.15656922245501215
SG_013695,0.12132594658379427
SG_013705,0.16412282630800706
SG_013706,0.13475934071533388
SG_013708,0.10472984758928636
SG_013711,0.11898834214250503
SG_013713,0.1692225914375174
SG_013715,0.1755631369170208
SG_013716,0.2188455398633407
SG_013726,0.19910034312960878
SG_013727,0.11620634368535565
SG_013728,0.16306394042859826
SG_013731,0.11728677227245818
SG_013733,0.12020960440029863
SG_013737,0.15234227795709865
SG_013740,0.18339351822672995
SG_013741,0.14366173742121152
SG_013744,0.13568834625731183
SG_013745,0.21319531462498587
SG_013746,0.12136133177922669
SG_013747,0.14460419297150814
SG_013749,0.1854791616269396
SG_013755,0.13287019196584818
SG_013759,0.14656571913014632
SG_013765,0.16481019463596053
SG_013766,0.17806556377885077
SG_013769,0.16948782918473895
SG_013773,0.16231420168450444
SG_013785,0.12071923880828925
SG_013793,0.13092748362117695
SG_013800,0.14181930518303254
SG_013808,0.16452592595979454
SG_013815,0.2560370663749451
SG_013827,0.14129564490173144
SG_013840,0.20682490088565889
SG_013841,0.11061551913947855
SG_013842,0.1269950641783508
SG_013844,0.2163156155846518
SG_013845,0.15031254794064008
SG_013849,0.13330947210459704
SG_013850,0.13089131176437022
SG_013851,0.16263885135426392
SG_013853,0.19279060862307174
SG_013854,0.1259081666241668
SG_013855,0.1416401409500011
SG_013857,0.15333721886366578
SG_013860,0.23927097558107904
SG_013862,0.18154758421075798
SG_013867,0.1985262694945174
SG_013868,0.13483801454544986
SG_013870,0.12739767095344903
SG_013883,0.15055157131248983
SG_013884,0.14634465067169697
SG_013885,0.18317572798351148
SG_013892,0.20547433029933515
SG_013896,0.12536274967978644
SG_013898,0.13163846471355978
SG_013901,0.16777405750986074
SG_013905,0.169947867796254
SG_013906,0.20627719333062927
SG_013907,0.12950654597405364
SG_013910,0.1779816318933041
SG_013912,0.14287788573282034
SG_013914,0.1738044243075893
SG_013919,0.16514479218947034
SG_013922,0.25048669777900134
SG_013943,0.12098998631337651
SG_013944,0.14641451310957937
SG_013946,0.16812487520530636
SG_013948,0.1354118038285378
SG_013949,0.13712053441766867
SG_013953,0.15903169929546182
SG_013962,0.17591495985120284
SG_013965,0.24040993972788574
SG_013969,0.17574667161716814
SG_013974,0.14755865451905648
SG_013978,0.16432868809455486
SG_013979,0.16646174916373263
SG_013980,0.2050844961692544
SG_013986,0.2573810315476716
SG_013997,0.12140258123786704
SG_014000,0.14464284159222868
SG_014004,0.11678958744330031
SG_014009,0.14733293001136225
SG_014010,0.18138852778591208
SG_014012,0.1484349231540199
SG_014014,0.2530992157676439
SG_014015,0.15432833558990194
SG_014016,0.18316969636790656
SG_014017,0.2042412085355979
SG_014018,0.11298099046036397
SG_014020,0.1728114409078432
SG_014021,0.12025849679560674
SG_014022,0.13537017751514877
SG_014023,0.17977409168048314
SG_014026,0.20065059765793464
SG_014030,0.1873044542206681
SG_014031,0.1755941261925238
SG_014036,0.17205876959410024
SG_014037,0.14510389915012828
SG_014039,0.1552095157545129
SG_014045,0.155080649097606
SG_014046,0.19363584671069317
SG_014047,0.2400727873647716
SG_014050,0.11259959841533546
SG_014053,0.15412749564007974
SG_014058,0.17719644666324275
SG_014059,0.19407617578933978
SG_014062,0.14923558008870771
SG_014067,0.20591557556545104
SG_014072,0.12171363758830278
SG_014073,0.16392227422057482
SG_014075,0.17387742566243936
SG_014081,0.1738771373101663
SG_014085,0.14741687396668107
SG_014088,0.21533684105990114
SG_014096,0.16864777311357082
SG_014099,0.15330553884589926
SG_014102,0.2013034621822185
SG_014105,0.17641430903479616
SG_014111,0.23837377515997416
SG_014113,0.17210709716949385
SG_014116,0.12968587690356392
SG_014122,0.19168324176530563
SG_014123,0.16003382383107406
SG_014124,0.19342312301812825
SG_014130,0.19752643444164628
SG_014132,0.1970265667123121
SG_014135,0.23886590800818897
SG_014136,0.1765300270404905
SG_014139,0.16212192777133938
SG_014140,0.15692630139156857
SG_014141,0.1981954648592697
SG_014146,0.195427472825606
SG_014155,0.17855492527949005
SG_014157,0.1328801333591932
SG_014161,0.1524210569795848
SG_014162,0.16921142378767284
SG_014165,0.16192764793332892
SG_014167,0.2094857998858518
SG_014168,0.14482697481192974
SG_014172,0.1417470497213874
SG_014176,0.1286194856076754
SG_014177,0.20906802101886374
SG_014184,0.22249750864769388
SG_014186,0.17562834910024067
SG_014188,0.1492836698506097
SG_014190,0.14492245026604073
SG_014191,0.1507355725006802
SG_014192,0.12698504507219446
SG_014194,0.1747098030838866
SG_014196,0.18732251292495145
SG_014197,0.23739758771201258
SG_014205,0.14864011706977553
SG_014210,0.16654166185496172
SG_014217,0.24668137222267777
SG_014219,0.2129345141121578
SG_014223,0.18004822391857256
SG_014235,0.159342361945304
SG_014237,0.17170229163138748
SG_014243,0.15424160035220058
SG_014248,0.24251311996550284
SG_014249,0.16705332750343765
SG_014259,0.17924421259087348
SG_014269,0.16620373089132404
SG_014270,0.21877141149719342
SG_014272,0.11025245248038777
SG_014277,0.14228198799449954
SG_014288,0.11941052892661803
SG_014290,0.15919897494962915
SG_014292,0.13616535135679764
SG_014293,0.19112291975671844
SG_014295,0.1715648680471923
SG_014299,0.15639163093995867
SG_014308,0.20354527884805892
SG_014309,0.13146215534413802
SG_014311,0.2721143983810277
SG_014314,0.286340772890804
SG_014319,0.1167436784259046
SG_014320,0.13785720087179848
SG_014321,0.2726630706184921
SG_014328,0.2281779550008209
SG_014334,0.13062963297054797
SG_014335,0.142405828173937
SG_014339,0.21837125137712285
SG_014342,0.13721828154204624
SG_014343,0.2762274279720971
SG_014345,0.19338194598223418
SG_014363,0.15927338935126154
SG_014368,0.19303181161065816
SG_014370,0.1177081774404884
SG_014373,0.1670205716281771
SG_014375,0.14767942826551458
SG_014380,0.2760293623710338
SG_014383,0.2635954558559048
SG_014385,0.17390395911107348
SG_014386,0.19012706541806304
SG_014387,0.15345635532891166
SG_014389,0.16629669853480641
SG_014391,0.1945218700839786
SG_014394,0.2519729896702233
SG_014398,0.12576649495700348
SG_014402,0.14348479006046655
SG_014409,0.15236415256787378
SG_014411,0.23615194370934664
SG_014415,0.17262728470161476
SG_014416,0.16995856471001003
SG_014418,0.13923947056882152
SG_014425,0.1739696463385304
SG_014426,0.21249197016383664
SG_014431,0.20558852244480647
SG_014432,0.2536375495082105
SG_014446,0.16626780988281906
SG_014447,0.16283153882141227
SG_014457,0.13056965809135554
SG_014465,0.19288385542564068
SG_014466,0.17414040123975982
SG_014469,0.11916747435317843
SG_014474,0.12274225569954142
SG_014484,0.13447476441782397
SG_014486,0.11247819730167835
SG_014488,0.15205333985546815
SG_014491,0.16224515181216653
SG_014495,0.2228823656037668
SG_014512,0.2522836618784731
SG_014514,0.14453619591414846
SG_014516,0.14891816316088652
SG_014519,0.12566359728585758
SG_014522,0.1461187841400301
SG_014529,0.18765455066460585
SG_014538,0.22564332946818155
SG_014544,0.15560385907624705
SG_014551,0.18222616660257684
SG_014552,0.214637245836411
SG_014556,0.13029858892155416
SG_014562,0.19421115469917938
SG_014565,0.11684405934491654
SG_014566,0.1874695215731429
SG_014568,0.13167380163369774
SG_014569,0.1094430726377484
SG_014570,0.1752038985262202
SG_014578,0.11080154011514735
SG_014579,0.19332372276337076
SG_014581,0.19421390468644578
SG_014582,0.22109921703988514
SG_014583,0.16651905517020116
SG_014587,0.2151152311390448
SG_014594,0.14808952300289316
SG_014596,0.19428809083396997
SG_014597,0.16400347312097602
SG_014607,0.1815249116662675
SG_014611,0.11848704464202547
SG_014616,0.15794817386364188
SG_014617,0.16139731334409796
SG_014618,0.19556754362982334
SG_014619,0.13969248493129438
SG_014621,0.17590188833128617
SG_014626,0.20028648783125008
SG_014634,0.12183865735422175
SG_014635,0.18346235289329146
SG_014636,0.16303087854986714
SG_014637,0.15303166786045663
SG_014640,0.1757051293878107
SG_014641,0.13251433468527413
SG_014645,0.14794348443717992
SG_014647,0.15030669472785588
SG_014653,0.16002502774905422
SG_014655,0.142401931326591
SG_014656,0.1897263169332884
SG_014657,0.24352663843380024
SG_014660,0.17966953461095247
SG_014667,0.13397780387228964
SG_014672,0.20586012564066916
SG_014677,0.1364071873903466
SG_014680,0.2030354317613982
SG_014681,0.20951207505959452
SG_014687,0.195911080495278
SG_014690,0.20530873926521748
SG_014691,0.16113167014388455
SG_014700,0.18522690574172068
SG_014701,0.23701998812431835
SG_014702,0.16818395110514056
SG_014703,0.14838217471219606
SG_014712,0.25496854842538497
SG_014713,0.15843535225417096
SG_014718,0.15778427243942303
SG_014720,0.21098950352620338
SG_014723,0.1655560720542849
SG_014729,0.20146309189516529
SG_014731,0.1763371822599314
SG_014733,0.16747833042318566
SG_014735,0.20356884921886936
SG_014742,0.12342520741461499
SG_014746,0.1477821038292288
SG_014748,0.12628403564523072
SG_014749,0.1755810447051587
SG_014753,0.15177703090193084
SG_014754,0.14511427943760022
SG_014757,0.13895957994595307
SG_014771,0.13688912002423362
SG_014774,0.17992542850580728
SG_014777,0.1351457143442964
SG_014778,0.22844039887250028
SG_014780,0.17086292161229638
SG_014787,0.1860755386681995
SG_014800,0.20355254749482923
SG_014801,0.22386600420861016
SG_014802,0.17350696673692925
SG_014803,0.17496097147597955
SG_014808,0.15664889628936848
SG_014812,0.12707109754142332
SG_014813,0.139811009214114
SG_014815,0.2290718397768684
SG_014824,0.10522481390039942
SG_014825,0.21787012913907755
SG_014827,0.1967846498966499
SG_014830,0.10217826131414051
SG_014834,0.15840622132653925
SG_014839,0.23924199395256407
SG_014844,0.18031871921916978
SG_014865,0.18288013145485166
SG_014866,0.11747925611423995
SG_014867,0.1709608681317491
SG_014871,0.2276141107010512
SG_014874,0.19097654538849868
SG_014875,0.16387580679420746
SG_014879,0.16789027213584
SG_014880,0.12049226747481236
SG_014882,0.16050194959728786
SG_014885,0.15920047588233865
SG_014887,0.16045824533508016
SG_014894,0.12670697718875984
SG_014895,0.18215886233635506
SG_014898,0.1600047866124793
SG_014900,0.1999860466723945
SG_014906,0.1703933373198261
SG_014909,0.15233751037609516
SG_014914,0.15494650354145373
SG_014919,0.1212073263945682
SG_014921,0.16224835863724374
SG_014939,0.24791358547343623
SG_014940,0.20566760191537456
SG_014945,0.15587434159457314
SG_014946,0.1445439808005077
SG_014951,0.1920694814399938
SG_014953,0.2948355298481866
SG_014955,0.1752481991411114
SG_014959,0.17258464288142705
SG_014961,0.193917925332253
SG_014964,0.15967304337921612
SG_014965,0.1258277986921427
SG_014966,0.17944410194317742
SG_014969,0.23296732781110815
SG_014972,0.15066155522939964
SG_014976,0.20555228909223355
SG_014979,0.12985363460826774
SG_014980,0.16852180379908974
SG_014984,0.20151957066436524
SG_014990,0.130067045140749
SG_014998,0.15462699537725536
SG_014999,0.14858187039593432
SG_015001,0.18342156034635573
SG_015002,0.17139451712736267
SG_015014,0.16249081991208095
SG_015015,0.12941900304831505
SG_015021,0.18201385529059697
SG_015026,0.1776884612140348
SG_015031,0.22341640208037006
SG_015036,0.19276376667929063
SG_015039,0.12849295568458174
SG_015042,0.16915256397065812
SG_015044,0.1877372847400688
SG_015046,0.2149050742473983
SG_015047,0.20228171708539372
SG_015050,0.15619178853866209
SG_015054,0.17008876879775267
SG_015066,0.16621494134110193
SG_015068,0.25169048278253686
SG_015071,0.1711972647779998
SG_015075,0.12917311802994974
SG_015076,0.13065495240957536
SG_015081,0.21645529867733168
SG_015082,0.17785810124962304
SG_015085,0.13886139232662037
SG_015093,0.18192899143898464
SG_015095,0.1610681829088311
SG_015099,0.12231478058071238
SG_015102,0.12253800528980532
SG_015103,0.23145862140818677
SG_015111,0.13215617550599762
SG_015112,0.12194975561917297
SG_015118,0.1674667766627108
SG_015125,0.14394817799420043
SG_015126,0.17371901101455983
SG_015127,0.1550591557946676
SG_015129,0.15857711045803136
SG_015134,0.154887152111865
SG_015135,0.1537538018148919
SG_015137,0.1720321778700455
SG_015138,0.22938897349974352
SG_015144,0.164579203283801
SG_015146,0.17637468509892285
SG_015152,0.1881068673778471
SG_015155,0.16906411867278467
SG_015158,0.18140199726149858
SG_015159,0.13964686224210174
SG_015161,0.20787902317566434
SG_015165,0.2219495114380684
SG_015167,0.2135781546515368
SG_015169,0.1580052746449256
SG_015176,0.20754119152427952
SG_015180,0.15948120825515438
SG_015183,0.1678812094398668
SG_015189,0.13442148699322606
SG_015190,0.133676846363886
SG_015192,0.1542111828019392
SG_015195,0.13752192934614504
SG_015197,0.14738982964737027
SG_015201,0.14138087088227314
SG_015202,0.1532303008077573
SG_015214,0.1460187181486716
SG_015215,0.1971882152656581
SG_015217,0.1309663016600817
SG_015222,0.14314031924077814
SG_015224,0.14887837232789847
SG_015235,0.145768050927512
SG_015239,0.14409159100947008
SG_015246,0.13474824327262916
SG_015251,0.18699738475913286
SG_015252,0.19610973984921054
SG_015256,0.18320334144998207
SG_015257,0.19845279533452798
SG_015261,0.15848443352587635
SG_015262,0.20598967209908875
SG_015263,0.15231749261636596
SG_015269,0.19897697713324172
SG_015270,0.18486902114465853
SG_015272,0.176011670690252
SG_015276,0.22583183503394932
SG_015277,0.13396977570046165
SG_015278,0.1487550213234706
SG_015279,0.2072814011014486
SG_015280,0.169655832622425
SG_015283,0.190631527871807
SG_015284,0.16923481020186265
SG_015289,0.24198964408330428
SG_015290,0.14679085963622734
SG_015294,0.16383716027905346
SG_015296,0.1915939942739715
SG_015297,0.28160390233015864
SG_015302,0.1171653361974895
SG_015304,0.2112884963667561
SG_015308,0.14339427458928045
SG_015309,0.17503617821587
SG_015312,0.25249364824606724
SG_015317,0.19943553909543968
SG_015322,0.16215266447433452
SG_015323,0.1692176802406968
SG_015326,0.15701099326134504
SG_015329,0.1426590741495675
SG_015337,0.16800033194978997
SG_015339,0.14828091423876508
SG_015340,0.14776573354102077
SG_015341,0.17956054666021307
SG_015346,0.15375379564575598
SG_015348,0.16393015126306523
SG_015349,0.19887541990604352
SG_015351,0.2501825387356338
SG_015355,0.1390631026862234
SG_015356,0.18307231784113276
SG_015360,0.17720695570101375
SG_015361,0.17855615901566776
SG_015362,0.2148373594087825
SG_015363,0.12649410774877962
SG_015369,0.1575077189289397
SG_015372,0.12431355456633898
SG_015375,0.16024000522239068
SG_015381,0.18943707334593116
SG_015382,0.13774851663351498
SG_015383,0.1442338100200538
SG_015384,0.20435717657439365
SG_015388,0.17454691329650976
SG_015395,0.14359940110625258
SG_015397,0.2190625589652741
SG_015399,0.17303654813444752
SG_015400,0.23413748074763435
SG_015401,0.13801202243495303
SG_015402,0.1819313778412952
SG_015403,0.19926527083485868
SG_015406,0.16926305471639977
SG_015412,0.238441897650294
SG_015421,0.2362053904716539
SG_015424,0.1873542634576679
SG_015425,0.14213237644642196
SG_015428,0.1464337384205662
SG_015430,0.14200662536600805
SG_015431,0.16409497558532687
SG_015439,0.13280031103459441
SG_015440,0.10709413245098098
SG_015446,0.18056535189261919
SG_015447,0.17394884629142718
SG_015448,0.15698296994118027
SG_015452,0.15840127409476798
SG_015454,0.2015799142211522
SG_015458,0.22925232046058172
SG_015462,0.1674062650330942
SG_015463,0.1978704843656114
SG_015464,0.1594625676444592
SG_015466,0.1150991545290575
SG_015467,0.19009430996978305
SG_015470,0.12808805989841618
SG_015473,0.15608682720504763
SG_015479,0.11729600740992127
SG_015481,0.16988860560380933
SG_015483,0.16629543351588005
SG_015492,0.2217326805910444
SG_015495,0.13515884438669654
SG_015498,0.16346334271399254
SG_015503,0.18565153712859533
SG_015507,0.19612027483181682
SG_015512,0.12868772437406262
SG_015514,0.16533801292887712
SG_015517,0.14824441825325155
SG_015520,0.22374591799190546
SG_015524,0.147991076692846
SG_015526,0.14395827803850736
SG_015527,0.15325957261281264
SG_015535,0.1234757027470757
SG_015537,0.19373514627173083
SG_015538,0.16542351436848604
SG_015540,0.2720630452987153
SG_015542,0.14045532642199307
SG_015543,0.2313371319175112
SG_015544,0.19469534990851084
SG_015546,0.2456505918742259
SG_015547,0.14991525508400033
SG_015550,0.1402341006654314
SG_015556,0.1360753178942984
SG_015558,0.1629480107637149
SG_015559,0.21941537377380121
SG_015560,0.17362730853113342
SG_015562,0.11697992790003606
SG_015565,0.11983575117564885
SG_015568,0.2423956004704546
SG_015572,0.1133375537718445
SG_015576,0.12793977967599426
SG_015578,0.1097687898793406
SG_015580,0.13413435748761784
SG_015582,0.16535374700170008
SG_015584,0.16764302741408427
SG_015585,0.18739189020311484
SG_015586,0.1615818861240245
SG_015587,0.1583816282738264
SG_015589,0.26636349791073255
SG_015590,0.12405516735881343
SG_015591,0.24114225412728568
SG_015593,0.15601414326602564
SG_015597,0.1506517423995882
SG_015598,0.16915720787485838
SG_015600,0.2209705213428237
SG_015606,0.21513032164582002
SG_015613,0.16904722361033603
SG_015615,0.24503827502973358
SG_015617,0.14839790749447013
SG_015619,0.1559092249338642
SG_015623,0.17199683782362302
SG_015627,0.19446018235253854
SG_015637,0.1350822023194796
SG_015641,0.1690671798615429
SG_015644,0.16045879748744585
SG_015649,0.1242279821686351
SG_015654,0.23534942726410824
SG_015655,0.23402640952763237
SG_015656,0.13125307078686776
SG_015659,0.1540357997382061
SG_015662,0.31533121164464006
SG_015664,0.15429973444770684
SG_015671,0.26363451453987247
SG_015675,0.12980640565663892
SG_015678,0.12116585628683044
SG_015680,0.15150083438136036
SG_015681,0.12712137291615722
SG_015682,0.15239601864451058
SG_015684,0.13206745086653493
SG_015693,0.1988882808225921
SG_015708,0.16745818023678793
SG_015715,0.1522069615961723
SG_015716,0.17517159884690287
SG_015718,0.13975830040531712
SG_015721,0.1731102377195384
SG_015724,0.18250127798354226
SG_015726,0.1598220893550972
SG_015729,0.12349207129964161
SG_015730,0.1907748381226604
SG_015735,0.12489770511213104
SG_015738,0.18804704497926866
SG_015743,0.14121837160114112
SG_015744,0.1659132107846351
SG_015746,0.15152988987814547
SG_015756,0.17405259693134129
SG_015762,0.1482023092734665
SG_015763,0.1569433275761601
SG_015766,0.17920195434247066
SG_015769,0.2015644924731692
SG_015770,0.1628139215811058
SG_015772,0.12124466546425056
SG_015773,0.2474355016618791
SG_015780,0.1434793312303276
SG_015790,0.19048535578451323
SG_015797,0.1570570077169613
SG_015806,0.11104813427504084
SG_015810,0.1947664505338475
SG_015815,0.14297989973980268
SG_015817,0.23446507057589505
SG_015818,0.18457916237270583
SG_015819,0.16556074927199654
SG_015820,0.15249942041467027
SG_015827,0.21427861074028126
SG_015828,0.17541298179072737
SG_015829,0.2068235139439243
SG_015832,0.1689407120355439
SG_015833,0.17334912071750652
SG_015834,0.1362999182589392
SG_015838,0.24028732042542528
SG_015840,0.1538656437637871
SG_015842,0.1688166568167511
SG_015845,0.17361052472421745
SG_015849,0.14923064264509756
SG_015857,0.17200404488875537
SG_015859,0.11015331864091601
SG_015860,0.28993560829691273
SG_015867,0.1446874988351068
SG_015873,0.17413133318168972
SG_015878,0.17671421250216718
SG_015879,0.111382219422694
SG_015880,0.18339280257385826
SG_015881,0.13243225543153578
SG_015884,0.13459285668868842
SG_015885,0.11786040523519695
SG_015891,0.15725644454300947
SG_015893,0.18001675248358529
SG_015898,0.1911644738450882
SG_015900,0.1981649469688315
SG_015901,0.1458608912947574
SG_015907,0.14428333929958756
SG_015908,0.2002172317836708
SG_015910,0.18649791300561347
SG_015914,0.20221843258539446
SG_015917,0.18944783550807082
SG_015921,0.18496403456882238
SG_015922,0.19081171727486546
SG_015928,0.2689891892543161
SG_015939,0.1466238961662196
SG_015940,0.12624620430930183
SG_015942,0.1693328494372972
SG_015943,0.20835794802041957
SG_015947,0.12794311706300956
SG_015950,0.15080408129951225
SG_015951,0.18855606439743883
SG_015955,0.14473621480887452
SG_015964,0.19703411605485935
SG_015965,0.13592292966548178
SG_015972,0.1275905743417682
SG_015973,0.23562165392952447
SG_015975,0.14143659032342748
SG_015977,0.165098419920523
SG_015978,0.2092651159298086
SG_015979,0.22109586012611332
SG_015980,0.16396276808441984
SG_015981,0.17490083125841396
SG_015985,0.2342369845182759
SG_015988,0.13040298649919504
SG_015989,0.1671861617186014
SG_015990,0.17094811062203383
SG_015998,0.1685139036715742
SG_015999,0.11862262129391263
SG_016002,0.15311632903761496
SG_016003,0.1501477584582327
SG_016004,0.1725648403468444
SG_016008,0.25682062812062634
SG_016010,0.2383719834659051
SG_016013,0.19812597055746295
SG_016015,0.15299512264067633
SG_016020,0.11889463517976842
SG_016021,0.1437080652014802
SG_016022,0.14494083751827894
SG_016027,0.21872213518590072
SG_016028,0.1251944398490393
SG_016029,0.1582815805274514
SG_016030,0.26421889643323
SG_016045,0.1955055626840406
SG_016048,0.14497646413168336
SG_016049,0.1750497176935078
SG_016054,0.30937731485643094
SG_016056,0.18871662889617768
SG_016060,0.17026155652988811
SG_016065,0.12167224163554224
SG_016081,0.10843158226834794
SG_016085,0.11717597753033933
SG_016089,0.1830385592315289
SG_016091,0.18999977779517083
SG_016092,0.17142513282863053
SG_016101,0.2497910550711282
SG_016102,0.2109027271186097
SG_016103,0.1705308274694532
SG_016108,0.11733349275619635
SG_016109,0.22074151620530022
SG_016111,0.2392559271184112
SG_016113,0.18651724687486348
SG_016114,0.16307052984477344
SG_016115,0.16172137579242316
SG_016116,0.18214533995958834
SG_016119,0.1393432026220771
SG_016124,0.1100345885306513
SG_016127,0.16986738912918492
SG_016132,0.3068734083936692
SG_016133,0.12960730540415302
SG_016134,0.15908515373021834
SG_016138,0.10754354599615133
SG_016140,0.17848739437476335
SG_016146,0.23630622934180817
SG_016147,0.12749735234133394
SG_016156,0.20898745759695067
SG_016158,0.14491946816112847
SG_016159,0.22157659443215957
SG_016160,0.10677532912632776
SG_016161,0.12173250649808112
SG_016163,0.1875231794985418
SG_016164,0.17836345195140701
SG_016165,0.15970628014822952
SG_016166,0.17904348975424217
SG_016171,0.16142978610437492
SG_016172,0.19711228272461173
SG_016174,0.16857917609782538
SG_016176,0.12958982249729734
SG_016179,0.18681339936917649
SG_016181,0.1408165573072356
SG_016183,0.14075786897503673
SG_016185,0.17316952891012524
SG_016186,0.15701921205889588
SG_016187,0.11039400766619145
SG_016188,0.20238849202134246
SG_016190,0.14995249560735488
SG_016194,0.25767950496086767
SG_016195,0.17103457098709582
SG_016196,0.20293593543416982
SG_016197,0.16269772692060244
SG_016211,0.14864977568206733
SG_016214,0.22705538485443738
SG_016215,0.1790222610953986
SG_016219,0.1415036669875928
SG_016221,0.17054993579299682
SG_016222,0.15345559268422349
SG_016224,0.17018039856370132
SG_016225,0.17723531430361622
SG_016233,0.16290520569092634
SG_016234,0.1594282413974149
SG_016235,0.163412092393327
SG_016238,0.10875059881397087
SG_016242,0.21284908285373771
SG_016244,0.11860967490624816
SG_016245,0.1308479840832477
SG_016246,0.19698477605152392
SG_016249,0.18983404053505643
SG_016251,0.2218222413658105
SG_016252,0.25552347461500186
SG_016259,0.18421476501837764
SG_016262,0.17901404575572075
SG_016263,0.11338065694139407
SG_016268,0.17225449868492274
SG_016270,0.15232098609084024
SG_016272,0.253555920363541
SG_016273,0.1866783034671789
SG_016275,0.22425856004977585
SG_016278,0.22688913822372558
SG_016282,0.19132651097738143
SG_016285,0.19146466548718366
SG_016289,0.16334373668382846
SG_016292,0.17145504779048648
SG_016297,0.14942320563590716
SG_016299,0.21650323089743706
SG_016310,0.1902396516294116
SG_016315,0.1422779116442169
SG_016316,0.17904834215027055
SG_016318,0.1562974509611002
SG_016324,0.1381558441734345
SG_016326,0.2000068483717472
SG_016327,0.17433719950443619
SG_016330,0.11684123046369765
SG_016331,0.22343666982471255
SG_016332,0.11156034984754974
SG_016333,0.16890194326889835
SG_016334,0.14617321611971934
SG_016337,0.14218053361602243
SG_016341,0.20910637746046118
SG_016343,0.14359229421741576
SG_016345,0.25488087121616126
SG_016346,0.11681221067515327
SG_016349,0.1906204055756124
SG_016351,0.11515598094049649
SG_016352,0.10522557494104282
SG_016354,0.2084916243990586
SG_016363,0.16586496944274093
SG_016372,0.22360338754320766
SG_016375,0.1348267696579656
SG_016382,0.15682134298094447
SG_016384,0.15158920962366615
SG_016386,0.12169889595984032
SG_016389,0.14469507961894365
SG_016392,0.16066533435757957
SG_016393,0.1698140620166979
SG_016394,0.22130224663926462
SG_016401,0.14618707321548513
SG_016402,0.14391611992553194
SG_016405,0.18003510478433704
SG_016414,0.17378090870085794
SG_016421,0.1656858374904816
SG_016424,0.18915213718114196
SG_016425,0.20075339261666986
SG_016429,0.13430227023551086
SG_016431,0.16861334848835652
SG_016432,0.18838725551218682
SG_016435,0.1915517577415577
SG_016436,0.19877747230903547
SG_016443,0.11451958232461862
SG_016445,0.19351587338596443
SG_016450,0.1707646209720194
SG_016452,0.16304532678119343
SG_016456,0.24367820304826718
SG_016462,0.11275856687258998
SG_016463,0.14831269811339848
SG_016474,0.25939031866659246
SG_016482,0.15763233273362234
SG_016488,0.1587543488802195
SG_016502,0.13305887610470185
SG_016503,0.20806414761398295
SG_016507,0.17762468134531012
SG_016508,0.12280687258809872
SG_016511,0.13467678578823705
SG_016512,0.2561150380856676
SG_016517,0.165284944455258
SG_016518,0.2611608207387051
SG_016520,0.15276436630014875
SG_016522,0.19548347917562306
SG_016524,0.11697939371684095
SG_016526,0.20622478765781466
SG_016528,0.19707198342226362
SG_016529,0.16532143916586486
SG_016532,0.16705756309135167
SG_016535,0.1442649676746756
SG_016537,0.11254889779867591
SG_016539,0.12517354606887607
SG_016542,0.15295608510124126
SG_016545,0.17731148120171247
SG_016547,0.16129891366530175
SG_016548,0.15096169216087493
SG_016554,0.23513055164172467
SG_016562,0.2123976739499002
SG_016563,0.15740852635988542
SG_016566,0.11752035619494164
SG_016567,0.16036889837756332
SG_016580,0.14129062515997767
SG_016581,0.1617888983095805
SG_016585,0.15334798431775218
SG_016600,0.14595451511481766
SG_016603,0.16766714044051406
SG_016604,0.13357085081074044
SG_016606,0.18968160306592063
SG_016609,0.16818345185126377
SG_016612,0.16220915689761045
SG_016613,0.14192334828411118
SG_016614,0.17544446811870887
SG_016623,0.1360580887921903
SG_016625,0.24936061442963942
SG_016632,0.22361734617266177
SG_016634,0.15066687525747824
SG_016637,0.16756820219605872
SG_016641,0.18726430706175082
SG_016646,0.15945383807172478
SG_016647,0.12768758368184724
SG_016660,0.1137123916040326
SG_016662,0.17320541247527324
SG_016670,0.1455695421206354
SG_016671,0.1505346842413209
SG_016673,0.15907804024406036
SG_016675,0.17744931952440574
SG_016685,0.15686579126119762
SG_016689,0.19084043941102488
SG_016690,0.182318375346676
SG_016691,0.10338441231101597
SG_016692,0.20224262594568326
SG_016696,0.21130327798523463
SG_016698,0.11635514284524737
SG_016699,0.12117028399717059
SG_016703,0.15247380071588384
SG_016704,0.19452992856286258
SG_016705,0.20772268686252573
SG_016708,0.16746435836813003
SG_016710,0.1499194295252589
SG_016711,0.1497360933000905
SG_016714,0.21026900067420523
SG_016716,0.11612892363159537
SG_016719,0.16912641566329956
SG_016720,0.12776749864678985
SG_016721,0.14735103740713065
SG_016723,0.13293772868501072
SG_016732,0.20592693952117272
SG_016733,0.21711626743592657
SG_016736,0.13673097807975473
SG_016737,0.14031978107091583
SG_016738,0.1653435141373771
SG_016741,0.1811255808658194
SG_016745,0.17488325552847395
SG_016746,0.15817416952605767
SG_016752,0.17850734024698228
SG_016754,0.1213581721338972
SG_016758,0.14956218938493063
SG_016763,0.11600352196064524
SG_016765,0.20705905850650808
SG_016769,0.15882435207248546
SG_016776,0.16675872209569248
SG_016778,0.3068340877103278
SG_016779,0.1807636804550893
SG_016780,0.24294565515325994
SG_016783,0.22891733372587603
SG_016785,0.1575037941267743
SG_016786,0.18553215730639394
SG_016792,0.2025157432166243
SG_016793,0.14602695689166947
SG_016794,0.15545153033181394
SG_016805,0.15449806475502534
SG_016807,0.1422121251557661
SG_016810,0.15115330613299444
SG_016813,0.14989079097317592
SG_016818,0.15432490098568483
SG_016819,0.1425794874303078
SG_016823,0.20192503636290238
SG_016827,0.17734145957846068
SG_016828,0.1728994579054846
SG_016832,0.1761003642779494
SG_016834,0.26252061639604785
SG_016837,0.1994519975772728
SG_016840,0.14579275329298055
SG_016843,0.2607177375708402
SG_016847,0.15726795533620494
SG_016849,0.12091159122317433
SG_016851,0.15371726865173493
SG_016857,0.16122133305496933
SG_016858,0.20760017892896143
SG_016859,0.14206249809242585
SG_016861,0.19152149139293928
SG_016863,0.13865953662023586
SG_016874,0.258001863794654
SG_016877,0.11933100706023331
SG_016881,0.19604586188097559
SG_016885,0.14477324185206192
SG_016887,0.19199446786231897
SG_016888,0.1767570201803637
SG_016891,0.1692968060313051
SG_016893,0.12866386006866723
SG_016895,0.2282254463665338
SG_016900,0.17221675028832076
SG_016902,0.19353819159312663
SG_016904,0.1456221021587819
SG_016909,0.140093948228288
SG_016911,0.19033353397639421
SG_016924,0.12557380498853873
SG_016925,0.1634593757566496
SG_016928,0.17042968885959625
SG_016937,0.11489346597551467
SG_016939,0.210548673454601
SG_016941,0.16600897429758601
SG_016944,0.16913006189408608
SG_016946,0.17407099313903077
SG_016951,0.15992823863325847
SG_016961,0.24982821455420806
SG_016963,0.16719230890441134
SG_016967,0.14335704772652563
SG_016968,0.18914329214667724
SG_016971,0.2080374358606874
SG_016973,0.1416487306870309
SG_016974,0.13271741307737714
SG_016975,0.19563417624595905
SG_016976,0.1372621419974973
SG_016986,0.1542469246393171
SG_016989,0.17471490001611722
SG_016990,0.20520761239630902
SG_017003,0.1772507389413855
SG_017005,0.13122374431822542
SG_017006,0.1140517028388296
SG_017016,0.15910445821876348
SG_017018,0.1868715226160748
SG_017021,0.1402370610817486
SG_017026,0.1511240322618568
SG_017028,0.13299132006271988
SG_017040,0.17722467408226805
SG_017043,0.174420409334115
SG_017044,0.2212095434363478
SG_017046,0.23434672832263825
SG_017048,0.14697592221767342
SG_017049,0.1258024049864392
SG_017050,0.13298762151452223
SG_017055,0.2009021511462161
SG_017056,0.16387810427328897
SG_017062,0.1275301786559888
SG_017067,0.12281863661927586
SG_017070,0.15090212433746275
SG_017071,0.20439973149089313
SG_017076,0.15009717254683871
SG_017077,0.24135339682650409
SG_017079,0.13239521402199686
SG_017080,0.12148711746387522
SG_017085,0.2387762444476023
SG_017098,0.13288304620405633
SG_017103,0.1531618121484178
SG_017110,0.1967946941446955
SG_017111,0.2453374300462834
SG_017114,0.1287277521305029
SG_017116,0.2628538983928403
SG_017123,0.12544769757063667
SG_017124,0.18237240814645575
SG_017126,0.16388361149023017
SG_017127,0.15223805716782388
SG_017130,0.20275126719853126
SG_017139,0.24512173840308762
SG_017144,0.16886794208063963
SG_017145,0.1265889683266527
SG_017146,0.2272862321642917
SG_017154,0.18622908515498984
SG_017158,0.23117983365703132
SG_017170,0.22628918397810976
SG_017171,0.2275959185051983
SG_017172,0.13601545961968303
SG_017182,0.12112140665816198
SG_017187,0.14752221911690122
SG_017190,0.20110816021389927
SG_017192,0.1689175607309978
SG_017193,0.13332853719165202
SG_017195,0.18374858056834542
SG_017202,0.14083780530103157
SG_017206,0.1741476560886235
SG_017208,0.1573618510895067
SG_017213,0.14791057203168928
SG_017218,0.1358111051316839
SG_017220,0.15734065246089923
SG_017223,0.15238308461368477
SG_017224,0.19742636519810564
SG_017225,0.15820671040576073
SG_017227,0.15795494414539438
SG_017228,0.17813500712115748
SG_017230,0.15418621492701956
SG_017232,0.19620475519613423
SG_017235,0.18814407711627384
SG_017239,0.19801785394832294
SG_017241,0.21078585766125096
SG_017245,0.13384276365035785
SG_017250,0.26692997474400537
SG_017254,0.13525630134334574
SG_017255,0.17216497718155188
SG_017266,0.1301621433251145
SG_017269,0.15021416334441912
SG_017272,0.14236798345458318
SG_017276,0.15940064870066226
SG_017279,0.12920152720300448
SG_017281,0.13378961077402549
SG_017287,0.20919135426059804
SG_017288,0.1414231324029147
SG_017292,0.15088129880329815
SG_017294,0.17904908025839517
SG_017296,0.1319838197277061
SG_017303,0.14199357598733897
SG_017304,0.1582858077805269
SG_017309,0.22001925368015351
SG_017311,0.14164045918386264
SG_017316,0.10479473878997687
SG_017317,0.18823218185063775
SG_017318,0.18993593748167645
SG_017323,0.17922804911493376
SG_017328,0.16348429139948906
SG_017338,0.1704714930437018
SG_017339,0.1824357563140671
SG_017347,0.19390844095223658
SG_017348,0.1588098240693605
SG_017349,0.14431170330853488
SG_017350,0.1426626376097743
SG_017354,0.15995000855672817
SG_017358,0.2240282883201149
SG_017360,0.12958536269801169
SG_017361,0.14158608949051754
SG_017364,0.21188277570430178
SG_017368,0.15498659013430544
SG_017373,0.1424665637189682
SG_017376,0.16536694832362353
SG_017383,0.15971458699542185
SG_017385,0.1526837566383637
SG_017391,0.15907461065282355
SG_017399,0.20491897580410343
SG_017402,0.10012725010558216
SG_017405,0.1825656488637419
SG_017406,0.14349740693031682
SG_017416,0.15922278622119979
SG_017419,0.15113524020990576
SG_017421,0.14892698691534073
SG_017423,0.21548887032443137
SG_017425,0.15849321721121917
SG_017428,0.16706723987538602
SG_017431,0.21420527794917937
SG_017432,0.18635106504182763
SG_017438,0.29946977308310085
SG_017439,0.10438707487432229
SG_017445,0.1148269292960857
SG_017448,0.10942267184217766
SG_017452,0.18292239617612116
SG_017454,0.23694720946336237
SG_017457,0.17251166514667315
SG_017458,0.1635680641144866
SG_017464,0.14260958798530382
SG_017465,0.1401415300971954
SG_017466,0.21387796996197
SG_017467,0.2622117163584051
SG_017475,0.1522941764883736
SG_017479,0.1549588885862552
SG_017480,0.10901255926728999
SG_017481,0.1882053330123065
SG_017482,0.17896391197360217
SG_017484,0.14423866908245014
SG_017486,0.1580857168018009
SG_017501,0.165366706891713
SG_017504,0.17004537114642088
SG_017507,0.18075235260510986
SG_017509,0.17618775233574097
SG_017513,0.15201896154997163
SG_017514,0.20188799929034168
SG_017516,0.11757980027243398
SG_017518,0.14229359656550575
SG_017521,0.1663813191631637
SG_017526,0.15813731120025004
SG_017529,0.11514751486289387
SG_017532,0.11579583363267229
SG_017535,0.16849261013685535
SG_017537,0.1455841200152061
SG_017538,0.15214915873989707
SG_017542,0.15993308065974077
SG_017545,0.30658364902724683
SG_017549,0.24627084971882404
SG_017557,0.19664470930843525
SG_017559,0.18620920517881057
SG_017560,0.12375558983850035
SG_017562,0.1760894925897653
SG_017563,0.18932515388689286
SG_017565,0.23627416342010768
SG_017572,0.13585333907752326
SG_017575,0.26181360967144046
SG_017577,0.161883458467726
SG_017578,0.13815520207981988
SG_017579,0.26198524137605894
SG_017580,0.13578710516877035
SG_017581,0.22641783597176687
SG_017589,0.15487001767695233
SG_017590,0.16175283880226599
SG_017594,0.22081484324586642
SG_017597,0.1451895431065078
SG_017604,0.2438069229309147
SG_017605,0.1721842044060643
SG_017606,0.17349109041525246
SG_017607,0.14993495849932584
SG_017611,0.2050096964477784
SG_017615,0.15438133797030512
SG_017616,0.18307463768775972
SG_017617,0.28419417128618524
SG_017621,0.1809881398476373
SG_017622,0.17707666591267132
SG_017629,0.14579514580280392
SG_017630,0.18587823366343775
SG_017634,0.1493966861104666
SG_017639,0.1652296502771523
SG_017642,0.15158442958652255
SG_017646,0.22772051088518494
SG_017657,0.20720004819747645
SG_017658,0.1891273841010795
SG_017667,0.1370777257180631
SG_017673,0.15738272491964447
SG_017674,0.16978149515245328
SG_017677,0.12408088942958695
SG_017679,0.13745771220717498
SG_017683,0.15267132497177077
SG_017687,0.1106691200028442
SG_017689,0.22577808323791893
SG_017691,0.12286600152604082
SG_017693,0.16552866521674225
SG_017696,0.17689799086894484
SG_017697,0.17767495663044164
SG_017702,0.12188621130318823
SG_017703,0.27733466850395194
SG_017709,0.10909101077014749
SG_017714,0.15650333213764514
SG_017715,0.2248734351611655
SG_017718,0.18884546468624938
SG_017719,0.21946096666204237
SG_017728,0.20116490335884324
SG_017729,0.16491339893696513
SG_017739,0.16074053373034974
SG_017743,0.16548279793920134
SG_017745,0.1432912648535195
SG_017746,0.11402674845600785
SG_017749,0.24718510567691443
SG_017750,0.1874545733392884
SG_017754,0.16945152586069828
SG_017757,0.15949124780703955
SG_017760,0.2801156478086331
SG_017774,0.18701594942473282
SG_017775,0.14143410477785967
SG_017776,0.15729706533076143
SG_017777,0.18879812318633699
SG_017778,0.183285031154669
SG_017781,0.15527468589676713
SG_017782,0.23598589657401803
SG_017789,0.17936588860986136
SG_017795,0.16514187996595625
SG_017798,0.2179647531112892
SG_017811,0.16812897347326342
SG_017817,0.1491174207443642
SG_017819,0.17393598724848924
SG_017822,0.16933281400827244
SG_017827,0.1569477281949975
SG_017830,0.25975684137495597
SG_017832,0.14542994625793243
SG_017834,0.2656823472726088
SG_017838,0.14110916632091539
SG_017840,0.16933703590820592
SG_017847,0.1584072150566282
SG_017851,0.16114069967567338
SG_017855,0.20036001126761788
SG_017862,0.10520108542544399
SG_017865,0.16241147536420122
SG_017866,0.1856352250637228
SG_017867,0.13364623127553246
SG_017878,0.14684706358234428
SG_017879,0.12703444256653879
SG_017880,0.14017891854437864
SG_017881,0.1321947431505458
SG_017882,0.14024936468159693
SG_017886,0.15791523356148957
SG_017888,0.11777932321746576
SG_017889,0.18054336031253565
SG_017895,0.19103703094270452
SG_017900,0.17551498619697015
SG_017902,0.20110109251794478
SG_017907,0.2592733549125317
SG_017909,0.1544780406753781
SG_017910,0.1475807815969266
SG_017913,0.17158243462629347
SG_017914,0.17125365262948083
SG_017917,0.20393466328893706
SG_017918,0.23951539725485213
SG_017919,0.16809550856871364
SG_017920,0.21732577238490763
SG_017936,0.12648041302210591
SG_017938,0.14706086934065762
SG_017945,0.20549786236675416
SG_017947,0.14388510887770162
SG_017949,0.16855959072054222
SG_017956,0.20975816371027636
SG_017958,0.2076752878807519
SG_017960,0.19732692884191552
SG_017965,0.16484873504885525
SG_017971,0.204509203782838
SG_017973,0.23192948005036867
SG_017978,0.25433959882614554
SG_017981,0.1520986549805428
SG_017985,0.24837370695604716
SG_017987,0.22716168558172117
SG_017991,0.1826634456690037
SG_017992,0.18849799374067094
SG_018002,0.17959636853461963
SG_018003,0.2666254540754909
SG_018005,0.1362359033017595
SG_018014,0.1494106544436756
SG_018015,0.15473622461406997
SG_018016,0.1872573308711424
SG_018017,0.25583379757280744
SG_018024,0.13993880262141134
SG_018028,0.15568219844260078
SG_018032,0.16748335008041204
SG_018033,0.2214170406075604
SG_018037,0.14964479684427737
SG_018040,0.1598021697503029
SG_018042,0.1303467441861568
SG_018046,0.1380341956864156
SG_018050,0.2680274863218809
SG_018055,0.2154525414737392
SG_018056,0.1863171403751639
SG_018061,0.15290120105586705
SG_018063,0.19133687235685176
SG_018064,0.1518047760058666
SG_018067,0.1348530407376982
SG_018072,0.16835352070758688
SG_018073,0.17428665744036875
SG_018074,0.22781765640029433
SG_018076,0.1964299313542634
SG_018080,0.11505947517892001
SG_018084,0.19041857932685619
SG_018088,0.19793349164419116
SG_018090,0.15500540890345002
SG_018092,0.2073014208058317
SG_018094,0.2129977358525063
SG_018096,0.12271175288859823
SG_018100,0.19006898884884552
SG_018109,0.23385082361978396
SG_018111,0.13368896867298627
SG_018120,0.2338859956860993
SG_018124,0.2840683417833964
SG_018125,0.18064959852988371
SG_018130,0.14345543258070903
SG_018132,0.17861559622116757
SG_018134,0.1604272794876578
SG_018140,0.19457649994656162
SG_018144,0.13494669909553358
SG_018146,0.21469223068608662
SG_018150,0.17106720787140356
SG_018154,0.27092193617391735
SG_018155,0.1571447521885108
SG_018160,0.11633322592198389
SG_018165,0.13628258560972956
SG_018166,0.1334059135698099
SG_018170,0.13391056543559435
SG_018174,0.21159076884734607
SG_018175,0.11637565349862049
SG_018178,0.14178276616816748
SG_018181,0.1571175488552144
SG_018186,0.14391100444507154
SG_018188,0.15676335689696683
SG_018195,0.1358919734395936
SG_018198,0.18591698432947334
SG_018201,0.11085429422318407
SG_018206,0.18803671397769095
SG_018208,0.14822365489731815
SG_018214,0.25075501681818463
SG_018215,0.23533044275001921
SG_018216,0.17195008351216284
SG_018221,0.19229214653971838
SG_018224,0.1324883378350242
SG_018228,0.17209213528959127
SG_018229,0.15130654612151317
SG_018238,0.14977680056982667
SG_018241,0.12889930064330318
SG_018246,0.1922419809085291
SG_018247,0.14386024132710426
SG_018252,0.21870211970504236
SG_018253,0.15681164341973183
SG_018259,0.20194201590725638
SG_018261,0.1375873887803323
SG_018263,0.1987783643882111
SG_018266,0.16600950333727105
SG_018269,0.17317782237880913
SG_018270,0.17943050517481288
SG_018276,0.15947455398740065
SG_018278,0.1765494743268975
SG_018281,0.16442559143994062
SG_018282,0.21660393786559842
SG_018284,0.20051883393588926
SG_018286,0.11804968308202352
SG_018287,0.1634111889449562
SG_018294,0.12770470100836157
SG_018297,0.13348149818358235
SG_018303,0.21051511485073562
SG_018305,0.19557273402128267
SG_018307,0.13557951217052727
SG_018312,0.18063374033966484
SG_018316,0.1448021370126251
SG_018321,0.15939752680767075
SG_018322,0.15595236348097974
SG_018325,0.11683094321512655
SG_018327,0.13606460398271056
SG_018330,0.1582693979048435
SG_018334,0.18182023375055145
SG_018336,0.186766188766396
SG_018338,0.27494507824221426
SG_018341,0.15417720394302148
SG_018342,0.15950746525471893
SG_018347,0.16596214554409955
SG_018348,0.20109993165613999
SG_018351,0.1554313177524468
SG_018360,0.2784550730268192
SG_018361,0.16131301265066691
SG_018364,0.1695298724526607
SG_018366,0.14460053116596655
SG_018368,0.23767413732772136
SG_018372,0.22754446106658796
SG_018379,0.16608284871495055
SG_018381,0.17883984518813875
SG_018386,0.14229151200620427
SG_018387,0.1775140227702461
SG_018388,0.18911778891424397
SG_018394,0.23612283938534334
SG_018407,0.12530840698124723
SG_018410,0.1851212598593166
SG_018411,0.1530325607522969
SG_018417,0.17022278016087816
SG_018418,0.1385140170225174
SG_018420,0.1659259656281528
SG_018422,0.1710745594842802
SG_018424,0.1998690936822313
SG_018426,0.1069477476893688
SG_018427,0.15204790431452597
SG_018430,0.12949743416996412
SG_018433,0.15698975516502808
SG_018434,0.19568809604916232
SG_018436,0.2164930668394755
SG_018441,0.1760654490798449
SG_018442,0.1525977080319254
SG_018445,0.13542863927694593
SG_018448,0.14594347963193355
SG_018452,0.11193088241926678
SG_018455,0.2096674594992804
SG_018458,0.12577836454023458
SG_018462,0.2479185733655938
SG_018468,0.14400714089557975
SG_018469,0.17044873165147212
SG_018470,0.16648864395694984
SG_018471,0.20486045792443458
SG_018472,0.18173513311021466
SG_018474,0.11933550438883929
SG_018476,0.187211650374712
SG_018481,0.18149202253849783
SG_018485,0.16740505864077418
SG_018487,0.20314754057039017
SG_018490,0.13648413416369398
SG_018491,0.13120479930013523
SG_018493,0.2102216748195328
SG_018494,0.1462935804313403
SG_018497,0.16638642748048957
SG_018501,0.11786250687237769
SG_018503,0.16260648185806276
SG_018505,0.14699095301653942
SG_018506,0.1843317199165285
SG_018510,0.1350871832977616
SG_018511,0.16581528758981928
SG_018514,0.15564529995781573
SG_018519,0.17105188836421098
SG_018520,0.12323087754181182
SG_018524,0.15945056767240426
SG_018525,0.1101379689139392
SG_018526,0.14191142013282212
SG_018529,0.18677001704619328
SG_018531,0.2327726144574242
SG_018534,0.1587609531364016
SG_018536,0.14155336187269002
SG_018537,0.18361957935305365
SG_018543,0.17124069958866953
SG_018544,0.15979815125917388
SG_018547,0.14676834383564066
SG_018548,0.16013818578413175
SG_018549,0.18923085851178856
SG_018553,0.12154410820949584
SG_018555,0.17954584530621243
SG_018558,0.14963987954295455
SG_018566,0.1348773728742759
SG_018568,0.18884055753787066
SG_018569,0.13624387516048603
SG_018573,0.19685634288559953
SG_018576,0.14738426330189577
SG_018579,0.13993260819943007
SG_018587,0.16905893728037508
SG_018591,0.16185636153596356
SG_018594,0.13735305488163504
SG_018601,0.24186577113630708
SG_018603,0.19989798986699117
SG_018608,0.17572224236523462
SG_018611,0.18144515366983655
SG_018612,0.20139716559497362
SG_018615,0.1487628355396321
SG_018617,0.14283991523504333
SG_018621,0.16306703757020027
SG_018623,0.19449168775025927
SG_018624,0.22030021520305074
SG_018631,0.12950393578160563
SG_018636,0.18869239600433535
SG_018637,0.1604173257285787
SG_018639,0.25551619086704563
SG_018644,0.13402327616275547
SG_018645,0.15666073007342363
SG_018647,0.2225739975631732
SG_018650,0.18468432907014154
SG_018651,0.13888323173374828
SG_018662,0.18314412530752525
SG_018663,0.17397357144727094
SG_018664,0.19827025529612982
SG_018665,0.15348660060255592
SG_018670,0.24729945561095928
SG_018676,0.19963414200206808
SG_018677,0.12932272028603592
SG_018678,0.18355195447064399
SG_018680,0.1664497724162858
SG_018685,0.14684550069088712
SG_018686,0.22547162172612
SG_018687,0.17647227879970717
SG_018688,0.1429143502612094
SG_018689,0.16342292582359272
SG_018693,0.180602854121594
SG_018694,0.12894094016497085
SG_018697,0.17641168237461236
SG_018703,0.1464983213072459
SG_018705,0.1529956309532585
SG_018709,0.10996839470745758
SG_018710,0.25705453150881424
SG_018711,0.18808551422599784
SG_018717,0.13499726052840463
SG_018721,0.15737655605160472
SG_018722,0.17839677007634624
SG_018731,0.17531376535785692
SG_018733,0.21069555021335878
SG_018738,0.13951728285460874
SG_018744,0.1642681420155535
SG_018745,0.18427253074579675
SG_018748,0.1472725155417671
SG_018756,0.2059568390684825
SG_018758,0.23778468858363128
SG_018761,0.15467214108427574
SG_018765,0.13546149043542766
SG_018766,0.26981042924582566
SG_018767,0.13780261908590166
SG_018768,0.1827297331363516
SG_018770,0.16404349051414596
SG_018779,0.148456702511514
SG_018787,0.15590765935502907
SG_018788,0.17708801368093843
SG_018789,0.15090399223117443
SG_018791,0.17123358607686653
SG_018792,0.18054348735291426
SG_018793,0.11880676051304437
SG_018798,0.22583603670623437
SG_018799,0.17184673014845026
SG_018800,0.12975197631263954
SG_018803,0.15452138671184654
SG_018806,0.2127139661420615
SG_018809,0.12834565503227338
SG_018811,0.18351718446059437
SG_018817,0.14502312522605784
SG_018818,0.15266777841860954
SG_018821,0.11403764580682547
SG_018822,0.16341562349665897
SG_018823,0.1638845532409482
SG_018826,0.18929721767481794
SG_018831,0.14592955603765678
SG_018834,0.17385809061709395
SG_018837,0.1806940793322977
SG_018838,0.2469876430924548
SG_018842,0.1989509011512025
SG_018843,0.23189548422636438
SG_018847,0.1619183358740333
SG_018850,0.14355195141930505
SG_018852,0.19401549182718827
SG_018853,0.1446644494307787
SG_018859,0.2233003761993269
SG_018861,0.25140516915848155
SG_018875,0.14763387654165627
SG_018883,0.18451524297855032
SG_018885,0.12419261613932517
SG_018889,0.1489748601023522
SG_018890,0.15207864040520763
SG_018894,0.15373171204022207
SG_018895,0.2668286287357281
SG_018899,0.1354112977962343
SG_018901,0.1708504588792924
SG_018902,0.17745945882857436
SG_018904,0.17724934347054427
SG_018905,0.20862259564649321
SG_018906,0.1878427681208097
SG_018907,0.19096193361797098
SG_018908,0.11813141655589422
SG_018915,0.227049370776255
SG_018918,0.17865575467461942
SG_018920,0.1739208944099418
SG_018924,0.25084195185736324
SG_018928,0.17551476632083454
SG_018940,0.17630358351650982
SG_018941,0.14156420795324454
SG_018942,0.1644285950621992
SG_018965,0.24874981386008027
SG_018966,0.13229965337550353
SG_018968,0.15840384263660684
SG_018970,0.1799042400896712
SG_018972,0.12404193796718249
SG_018978,0.13765437306216982
SG_018981,0.1471592647378043
SG_018984,0.14453982618892527
SG_018990,0.19350704546517972
SG_019006,0.24663667503963685
SG_019012,0.20344723922199848
SG_019014,0.17827904061352343
SG_019015,0.23563745492367308
SG_019016,0.20962952765527504
SG_019018,0.22362275018752775
SG_019019,0.12275996047435017
SG_019023,0.17362246731884112
SG_019028,0.22878385415158
SG_019030,0.1444071690222919
SG_019036,0.19815284635114017
SG_019038,0.11973527122462105
SG_019039,0.1660435104061903
SG_019041,0.19418614550554697
SG_019042,0.16100872552931028
SG_019044,0.25714351654819195
SG_019051,0.14660505762628034
SG_019053,0.16463462470682472
SG_019054,0.17736057501861807
SG_019058,0.1877334526195422
SG_019069,0.17868199119259193
SG_019071,0.11307108730672936
SG_019082,0.2063286457497093
SG_019083,0.13538010378793622
SG_019084,0.22037162565488116
SG_019087,0.11490647586627839
SG_019092,0.15688845334205198
SG_019098,0.17659532919800747
SG_019102,0.2969468837834071
SG_019105,0.13875723209369126
SG_019106,0.2022072336777504
SG_019109,0.14332986553441912
SG_019115,0.19549534541468894
SG_019117,0.22035771769413076
SG_019119,0.1581940228458269
SG_019120,0.17686738498050558
SG_019131,0.14275860740813656
SG_019142,0.297168950283912
SG_019146,0.1761990538536154
SG_019147,0.18249977317901558
SG_019149,0.1281536453365566
SG_019150,0.1828835762645011
SG_019162,0.1632206256338937
SG_019167,0.1637983539134327
SG_019169,0.1672164256423947
SG_019171,0.1145883309805895
SG_019176,0.20345213758590058
SG_019184,0.12923882242762233
SG_019187,0.1940471124779437
SG_019190,0.139864407016834
SG_019197,0.1498549735540859
SG_019198,0.17490301106980471
SG_019201,0.13743121573830014
SG_019203,0.21444982985258215
SG_019204,0.1867962696192731
SG_019208,0.13077744753021983
SG_019209,0.12970437421375602
SG_019211,0.15407911410527494
SG_019212,0.15271337466771978
SG_019217,0.15810656651040902
SG_019221,0.14196704860108741
SG_019222,0.25407289511982056
SG_019223,0.11912369648371166
SG_019225,0.1406789819005109
SG_019237,0.18361767272049065
SG_019244,0.16690128271867186
SG_019245,0.18829359338232365
SG_019246,0.12144155763569753
SG_019247,0.16385641609681917
SG_019248,0.1716768358980979
SG_019249,0.20832532191713812
SG_019251,0.14134108655264047
SG_019253,0.1222699704024117
SG_019254,0.13428885350342187
SG_019255,0.2349996485920528
SG_019259,0.1310000778616267
SG_019265,0.1304416592645233
SG_019266,0.21007901140993634
SG_019267,0.17573228898752946
SG_019270,0.12817697906628556
SG_019271,0.16209943409068123
SG_019272,0.18631276208879127
SG_019273,0.13972418369148532
SG_019274,0.12365508453711714
SG_019275,0.13959650152046663
SG_019276,0.13236692703718
SG_019282,0.16044382656560438
SG_019286,0.16202785863235758
SG_019289,0.16500702804887796
SG_019295,0.17854112053463023
SG_019296,0.18752299909360154
SG_019298,0.1066941507950282
SG_019300,0.14923390287244642
SG_019302,0.1812306682347286
SG_019311,0.17724188439944055
SG_019314,0.18507380377644897
SG_019315,0.1429092003108197
SG_019316,0.2455973459338599
SG_019321,0.13465953277729106
SG_019325,0.20577096885477975
SG_019326,0.18952952505014828
SG_019328,0.12223572136666312
SG_019330,0.15579105627829343
SG_019333,0.13961957620873544
SG_019336,0.21258582935807824
SG_019339,0.1882968949876651
SG_019346,0.13361624984324766
SG_019352,0.18093435525555646
SG_019358,0.1833785181967728
SG_019362,0.22959061144681708
SG_019368,0.1516448419786424
SG_019371,0.15154154604293749
SG_019373,0.21550856108845307
SG_019374,0.23977437158940124
SG_019375,0.16578030548982206
SG_019376,0.170759520051943
SG_019386,0.20830896381743508
SG_019388,0.21765932121681308
SG_019394,0.16173626582204714
SG_019398,0.16343809126247466
SG_019408,0.20160498853466302
SG_019411,0.13988617715730362
SG_019419,0.26778464594469764
SG_019421,0.21490485013642652
SG_019425,0.16555255294896495
SG_019427,0.1974762561557733
SG_019428,0.21741248857559384
SG_019431,0.14033777555774954
SG_019432,0.13391641886788597
SG_019433,0.20220161733432962
SG_019436,0.1843734405518982
SG_019437,0.1987631123594356
SG_019440,0.11293039051469936
SG_019442,0.18263392300556425
SG_019446,0.17768757422729092
SG_019447,0.15811497955561066
SG_019449,0.14018397674599065
SG_019452,0.1325034885384729
SG_019455,0.2199851642609585
SG_019456,0.13442140894514526
SG_019458,0.23482758795696143
SG_019466,0.19013020486810184
SG_019468,0.2632421458452827
SG_019470,0.13358070361473895
SG_019471,0.18505762510451618
SG_019473,0.13715531876544182
SG_019478,0.1664584735324741
SG_019485,0.2673629137778126
SG_019488,0.20780304497419483
SG_019489,0.1726187336983869
SG_019491,0.1772402960941924
SG_019496,0.17583126740441551
SG_019498,0.1370163349564163
SG_019510,0.20373926028749922
SG_019516,0.10854866397520457
SG_019519,0.1414492828432806
SG_019523,0.1594968494643177
SG_019527,0.12301717526973348
SG_019530,0.17085706243687704
SG_019532,0.12718741029711164
SG_019534,0.15863219455079122
SG_019540,0.1883949155577079
SG_019541,0.19337114070870187
SG_019543,0.17128020977763392
SG_019553,0.17294024906346106
SG_019558,0.155394245573085
SG_019562,0.15139301798935462
SG_019563,0.19005224717455793
SG_019564,0.1957065821705986
SG_019567,0.12611482542685798
SG_019570,0.17855955513525287
SG_019577,0.15100927630204672
SG_019583,0.17492351027562936
SG_019585,0.17389392564260167
SG_019587,0.1697263317758426
SG_019588,0.116057610725735
SG_019591,0.14702175455750677
SG_019593,0.11202136553426924
SG_019598,0.15144770012901398
SG_019599,0.16535270312797126
SG_019602,0.24790419172630807
SG_019609,0.16766120286250805
SG_019620,0.18722671043062386
SG_019621,0.12126233038668978
SG_019624,0.23921057568100623
SG_019625,0.19295203440412054
SG_019627,0.11027408826272869
SG_019635,0.1569438626240187
SG_019638,0.14703747147159846
SG_019639,0.11358895554351349
SG_019642,0.2819968973697168
SG_019645,0.15218024743757183
SG_019647,0.2572839917210152
SG_019648,0.1552199780646744
SG_019650,0.1306795517725572
SG_019652,0.2361211009949925
SG_019654,0.19982556684088737
SG_019657,0.17290670270349404
SG_019660,0.16024414415806276
SG_019661,0.17312253436185215
SG_019662,0.15374323911337812
SG_019665,0.1649982680414746
SG_019666,0.1670320806908425
SG_019667,0.17102339910292635
SG_019676,0.15943810456309027
SG_019679,0.22151927045131423
SG_019680,0.1924433225469479
SG_019683,0.210216490100685
SG_019689,0.16651593081267504
SG_019690,0.18525976420511514
SG_019691,0.15141451411547874
SG_019695,0.15482194376574326
SG_019698,0.17233070563524466
SG_019710,0.14268852036025342
SG_019711,0.1637005606921596
SG_019716,0.14556230026943384
SG_019724,0.152340950557995
SG_019727,0.2216446637735684
SG_019728,0.1212893066581263
SG_019729,0.16655337668698383
SG_019733,0.282115782232128
SG_019738,0.14129086859893275
SG_019740,0.14799304817117792
SG_019746,0.205962171590365
SG_019747,0.17127009192295475
SG_019750,0.18653462376308041
SG_019755,0.27312911923850125
SG_019756,0.15543001621492744
SG_019761,0.12897764833192643
SG_019764,0.11703516912363394
SG_019766,0.15954981214867084
SG_019767,0.14931014765034165
SG_019769,0.24190452171348187
SG_019779,0.14495984722090502
SG_019782,0.15856179613623475
SG_019783,0.18824980930221485
SG_019784,0.14748887195627464
SG_019791,0.15480378294845995
SG_019792,0.15598026478272212
SG_019793,0.25241431249050655
SG_019797,0.14214138666827308
SG_019800,0.21068308125034244
SG_019801,0.15199662507292194
SG_019802,0.13915548065833086
SG_019804,0.1443586840767992
SG_019807,0.1917864800717693
SG_019809,0.21517364493924945
SG_019811,0.1469289839789244
SG_019812,0.15534545300955532
SG_019819,0.1461054297761571
SG_019828,0.13114658677156332
SG_019830,0.14331037111622638
SG_019832,0.13519578164143092
SG_019835,0.12326075911929946
SG_019838,0.1591866635230353
SG_019839,0.12861250224030082
SG_019842,0.1873062168525471
SG_019846,0.14915562237469293
SG_019849,0.1325931576946694
SG_019851,0.19184718004483176
SG_019852,0.11428864276297164
SG_019853,0.19519189624209773
SG_019854,0.2206273768549874
SG_019857,0.15326782647171514
SG_019858,0.16734610040004377
SG_019859,0.20312099809094947
SG_019864,0.16775416066635004
SG_019865,0.193365077662552
SG_019868,0.2279251188419803
SG_019869,0.2264932775125896
SG_019873,0.12641148310040748
SG_019878,0.17998471552124612
SG_019883,0.2565035158661371
SG_019887,0.15330279937345762
SG_019888,0.15680272796897674
SG_019895,0.1524857723817382
SG_019900,0.12790173534566976
SG_019903,0.13958611449368966
SG_019906,0.23409866087965372
SG_019909,0.11555825012270138
SG_019910,0.15883239835238253
SG_019913,0.21942309677001956
SG_019914,0.16090167411587533
SG_019921,0.1508825248369219
SG_019923,0.1889476185095229
SG_019928,0.30696203648955733
SG_019930,0.2930376627504277
SG_019933,0.16372969884590918
SG_019939,0.15323412439762554
SG_019941,0.18241250965679562
SG_019944,0.14974667097213437
SG_019945,0.19636115716538932
SG_019947,0.15201670182592075
SG_019949,0.22695311446497826
SG_019950,0.18680597612108535
SG_019954,0.17022992986498928
SG_019955,0.2038333692537449
SG_019960,0.12234105187597943
SG_019961,0.19463926212761645
SG_019966,0.23492649910282629
SG_019968,0.1684650076999309
SG_019970,0.13312544000353374
SG_019973,0.14843879284486117
SG_019974,0.199362048175656
SG_019976,0.16278984669944288
SG_019978,0.14682205225673448
SG_019980,0.11657446298627863
SG_019981,0.1908834729863878
SG_019983,0.215185236972148
SG_019984,0.19245662794374707
SG_019985,0.1309929423923778
SG_019989,0.12797466454463777
SG_019994,0.18353304297993595
SG_019998,0.14865836365848195
SG_019999,0.23853958738120382
SG_020000,0.21069359465581292
